Nombre,Apellido,email,NúmeroIdentidad,Teléfono,FechaNacimiento,TarjetaCredito
Ema,Espine,eespine0@de.vu,136691591-7,505-821-5536,7/23/1998,3538210000000000.0
Aileen,Cissell,acissell1@webnode.com,924683794-0,421-862-6029,5/27/1992,30382200000000.0
Joella,Miquelet,jmiquelet2@skype.com,441901707-4,526-434-4995,04/04/1981,5366410000000000.0
Orton,Lavers,olavers3@about.me,603622000-6,785-421-3186,9/13/1983,3558250000000000.0
Onida,Van Arsdale,ovanarsdale4@tripod.com,480691491-6,812-989-6184,10/10/1985,6333540000000000.0
Cosimo,Aingell,caingell5@examiner.com,275098353-3,889-958-5192,11/26/1983,3543710000000000.0
Phil,Skydall,pskydall6@wired.com,338119698-7,994-816-0330,4/23/1983,3581620000000000.0
Alex,Trumper,atrumper7@reuters.com,235112992-X,665-615-0818,9/16/1989,6.3332e+17
Althea,Coomer,acoomer8@google.fr,620189200-1,188-584-5177,04/12/1982,201628000000000.0
Theodora,McGruar,tmcgruar9@1und1.de,311754551-4,855-950-4970,6/30/1982,4250900000000.0
De witt,Prosch,dproscha@posterous.com,623196144-3,609-217-2350,12/08/1998,6.76745e+18
Byrle,Vasechkin,bvasechkinb@wunderground.com,608130517-1,706-440-0361,08/03/1993,3561460000000000.0
Elissa,Hutfield,ehutfieldc@freewebs.com,344804500-4,779-724-5088,11/26/1997,5602220000000000.0
Micky,Stables,mstablesd@kickstarter.com,419326041-0,310-364-7734,3/16/1988,5002350000000000.0
Johann,Dow,jdowe@berkeley.edu,402698058-8,263-799-9890,11/01/1989,4844100000000000.0
Doroteya,Mattheus,dmattheusf@wikispaces.com,685199593-X,534-773-6627,05/09/1989,3530430000000000.0
Frederic,Catlette,fcatletteg@hugedomains.com,979852934-0,354-356-0499,6/24/1980,5.01867e+17
Ofilia,MacGiany,omacgianyh@bing.com,155685196-0,142-424-8822,10/10/1984,3563970000000000.0
Saundra,Lowry,slowryi@home.pl,013180526-6,915-999-8470,12/27/1983,30192000000000.0
Caprice,Gleave,cgleavej@sourceforge.net,424543682-4,579-441-9324,2/25/2000,3558420000000000.0
Betteann,Vinsen,bvinsenk@fastcompany.com,804527770-X,231-372-1489,8/23/1993,3529940000000000.0
Camila,Gregine,cgreginel@nbcnews.com,195419635-0,866-890-0791,01/10/1981,4175000000000000.0
Rick,Pygott,rpygottm@freewebs.com,614515696-1,685-201-5561,4/13/1988,5100140000000000.0
Sybila,Lovitt,slovittn@globo.com,267417494-3,507-281-7378,11/30/1982,4.90309e+17
Audrey,Menilove,ameniloveo@earthlink.net,228021596-9,308-438-7871,9/28/1992,3588100000000000.0
Fair,Prettyjohns,fprettyjohnsp@nature.com,440469235-8,170-130-9663,2/23/1999,3540510000000000.0
Zachary,Comar,zcomarq@php.net,685671157-3,794-324-9571,2/21/1983,3556320000000000.0
Robbin,Broek,rbroekr@fda.gov,196827561-4,945-319-1838,1/25/1997,4.90363e+17
Bunni,Fittall,bfittalls@wordpress.org,295525483-5,107-563-1637,3/17/1981,3554470000000000.0
Gib,Brunskill,gbrunskillt@wordpress.org,824038235-5,232-126-8620,10/12/1985,3571330000000000.0
Jay,Clingan,jclinganu@census.gov,607759020-7,330-865-6521,11/06/1993,5564110000000000.0
Allene,Camamile,acamamilev@icio.us,447428490-9,416-204-8036,8/28/1989,3546810000000000.0
Jehu,Gapp,jgappw@ifeng.com,002637853-1,716-526-1559,11/04/1996,6.76382e+18
Vanna,Jagiela,vjagielax@163.com,017970883-X,662-767-2018,4/25/1986,3546860000000000.0
Hubey,Bestwick,hbestwicky@e-recht24.de,081897991-7,651-765-6017,07/02/1987,36049900000000.0
Mandy,Mortell,mmortellz@theguardian.com,708866483-6,208-616-3244,12/22/1985,346056000000000.0
Almire,Wailes,awailes10@huffingtonpost.com,836881080-9,829-838-0168,2/25/1998,3555960000000000.0
Linn,Dumbleton,ldumbleton11@friendfeed.com,634081987-7,425-877-8088,12/23/1994,6.33111e+18
Dacey,Dommerque,ddommerque12@skyrock.com,042990340-5,691-795-3795,3/24/1990,30116400000000.0
Dorolisa,Marston,dmarston13@fema.gov,822168048-6,216-534-2438,1/13/1992,6.77184e+18
Meghann,Golbourn,mgolbourn14@comsenz.com,581707137-1,751-927-5211,07/05/1993,201834000000000.0
Pepi,Give,pgive15@pagesperso-orange.fr,441160415-9,848-762-9939,05/07/1980,3568060000000000.0
Sibella,Worsnup,sworsnup16@example.com,599306153-7,261-637-6715,11/11/1994,3562450000000000.0
Friedrich,Cawston,fcawston17@theatlantic.com,763287333-3,109-132-7480,10/24/1982,3542940000000000.0
Dermot,Layman,dlayman18@indiegogo.com,705584938-1,424-181-9312,5/24/1985,5386180000000000.0
Niles,McKag,nmckag19@freewebs.com,397929133-2,720-218-5171,10/30/1990,4026160000000000.0
Devlen,Binnall,dbinnall1a@wunderground.com,640185450-2,890-861-3826,11/14/2000,5602210000000000.0
Phylis,Southan,psouthan1b@zimbio.com,371557859-9,587-331-2551,2/20/2000,345631000000000.0
Pacorro,Nutton,pnutton1c@nymag.com,069271577-0,926-114-2637,03/02/1999,3548920000000000.0
Bradney,Deverille,bdeverille1d@irs.gov,576739003-7,766-454-8363,01/10/1998,3531760000000000.0
Tremaine,Dael,tdael1e@mail.ru,500708882-X,520-278-7623,03/02/1985,3567190000000000.0
Mathew,Henke,mhenke1f@answers.com,763552417-8,631-719-2046,12/29/1990,374623000000000.0
Fredia,Breissan,fbreissan1g@gnu.org,702268212-7,284-395-8070,10/22/1993,5602250000000000.0
Donnie,Crosfield,dcrosfield1h@constantcontact.com,225569110-8,522-328-6241,9/16/1990,30170700000000.0
Melinda,Berzen,mberzen1i@linkedin.com,097366527-0,365-513-6163,08/05/1998,5406170000000000.0
Agata,Jerrard,ajerrard1j@is.gd,467795242-6,633-761-5331,09/04/1988,3571840000000000.0
Klemens,Hacksby,khacksby1k@sogou.com,027256088-X,917-831-3804,07/09/1997,3534920000000000.0
Morgen,Howlett,mhowlett1l@smh.com.au,272197160-3,315-564-0120,07/02/1998,3572460000000000.0
Bron,Quodling,bquodling1m@uiuc.edu,201630448-0,371-944-9836,10/10/1986,6370590000000000.0
Sander,Skiplorne,sskiplorne1n@topsy.com,471164113-0,151-529-2926,10/25/1992,6.77199e+16
Philippine,Labrom,plabrom1o@nbcnews.com,389319823-7,998-968-2073,11/04/1998,3579710000000000.0
Nada,Cribbins,ncribbins1p@imdb.com,061072052-X,232-353-5247,7/13/1998,5010130000000000.0
Malissa,Stothert,mstothert1q@jigsy.com,685450581-X,514-965-1942,12/27/1984,5.64183e+18
Brian,Hatt,bhatt1r@amazonaws.com,783294635-0,694-855-7033,7/31/2000,3537550000000000.0
Abelard,Moule,amoule1s@berkeley.edu,153568676-6,425-219-4069,06/05/1986,370968000000000.0
Isidora,Wetter,iwetter1t@statcounter.com,412028501-4,796-287-9133,10/27/1982,201931000000000.0
Holly,Kleinsmuntz,hkleinsmuntz1u@disqus.com,244493023-1,702-853-9899,06/01/1996,5.60222e+16
Guthrie,Hayes,ghayes1v@globo.com,391072076-5,171-727-6516,8/23/1987,6762710000000000.0
Anatol,Bang,abang1w@hubpages.com,209773177-5,741-292-1999,9/24/1994,3563020000000000.0
Ally,Jansik,ajansik1x@taobao.com,871006744-2,884-270-6021,7/14/1981,5.60224e+16
Lavinie,Osbaldeston,losbaldeston1y@ameblo.jp,727102331-3,587-116-4172,07/05/1997,5.60223e+17
Sebastien,Clapson,sclapson1z@amazon.com,626033399-4,274-483-5715,1/23/1989,5610160000000000.0
Tanney,Lembke,tlembke20@jugem.jp,151915265-5,735-755-1723,4/26/1990,5602230000000000.0
Catina,Hartmann,chartmann21@technorati.com,185485145-4,627-567-8928,10/31/1980,4017960000000.0
Jacinda,Deary,jdeary22@example.com,596858560-9,522-147-2802,06/03/2000,372302000000000.0
Hedi,Barkhouse,hbarkhouse23@ca.gov,419516995-X,337-367-6925,8/23/1994,4.90376e+17
Chrotoem,Cromar,ccromar24@utexas.edu,941547666-4,106-985-1656,8/30/1999,4041590000000000.0
Milo,Goater,mgoater25@japanpost.jp,557297852-3,267-156-0499,2/14/1998,5602250000000000.0
Kendall,Landsborough,klandsborough26@so-net.ne.jp,891613312-2,255-215-4747,02/11/1997,3586460000000000.0
Blinny,Skellington,bskellington27@vk.com,411364759-3,356-655-4658,12/11/1984,3585080000000000.0
Anthea,Rummery,arummery28@reference.com,970681214-8,804-503-8024,02/02/1982,3547230000000000.0
Margo,Oliver,moliver29@sohu.com,617903601-2,552-912-7745,7/21/1994,3569820000000000.0
Gale,Laslett,glaslett2a@booking.com,792107069-8,345-869-8425,10/06/1985,4.91112e+18
Herbie,Blazejewski,hblazejewski2b@ft.com,768472329-4,673-767-8596,5/30/1989,30038900000000.0
Artus,Ateridge,aateridge2c@theguardian.com,803032933-4,491-583-6103,11/14/1993,5.01842e+17
Dore,Hasnip,dhasnip2d@newyorker.com,513172177-6,255-846-0304,11/29/1989,3532890000000000.0
Ashbey,Ringe,aringe2e@123-reg.co.uk,860848718-7,516-275-0317,05/04/1989,5590000000000000.0
Max,Hawkey,mhawkey2f@columbia.edu,511180220-7,565-944-5182,01/11/1990,201988000000000.0
Weston,Baldini,wbaldini2g@prnewswire.com,559958278-7,452-976-7755,08/03/1990,6334040000000000.0
Willette,Messom,wmessom2h@washington.edu,252619884-4,372-493-0895,07/05/2000,5602240000000000.0
Ermentrude,Yellop,eyellop2i@un.org,768874139-4,370-743-1855,7/27/1997,3560260000000000.0
Basilio,Whitmore,bwhitmore2j@uiuc.edu,901723333-8,986-717-4671,4/13/1991,3544430000000000.0
Lita,Mitkcov,lmitkcov2k@noaa.gov,889522302-0,376-429-2886,1/20/1991,3534520000000000.0
Bryanty,Favel,bfavel2l@hao123.com,161645845-3,851-919-4492,5/16/1981,3540680000000000.0
Robby,Mottershead,rmottershead2m@github.com,724961330-8,931-551-0003,6/14/1993,3584350000000000.0
Jasmine,Daouse,jdaouse2n@umn.edu,186146636-6,421-525-8584,10/05/1983,3587060000000000.0
Ichabod,Barnhart,ibarnhart2o@fotki.com,633651030-1,803-343-4329,10/14/1996,5893080000000000.0
Giorgi,Wyer,gwyer2p@ustream.tv,968881552-7,683-179-1682,07/11/1994,3582950000000000.0
Oren,Lockier,olockier2q@is.gd,730523091-X,412-369-2407,11/27/1992,3575860000000000.0
Julius,Rotlauf,jrotlauf2r@time.com,245997498-1,294-426-2286,3/30/1992,3557110000000000.0
Christophe,Bayfield,cbayfield2s@twitter.com,927177213-X,384-374-3284,03/11/1989,30492600000000.0
Carmencita,Pettyfar,cpettyfar2t@sitemeter.com,361575733-5,437-298-6892,08/06/1994,5.02042e+17
Linus,Rippon,lrippon2u@sourceforge.net,394801991-6,310-703-2179,7/31/1985,6.70671e+18
Douglass,Flipsen,dflipsen2v@about.me,460730148-5,760-347-3647,8/14/1994,6376880000000000.0
Wilmar,Brotherhood,wbrotherhood2w@harvard.edu,110321489-6,163-620-0090,9/15/1986,3561720000000000.0
Britt,MacDermott,bmacdermott2x@instagram.com,867886779-5,913-411-6195,4/26/1997,3577760000000000.0
Bernette,Thickins,bthickins2y@symantec.com,230960265-5,337-388-7835,08/01/1982,3533490000000000.0
Billy,Snalum,bsnalum2z@acquirethisname.com,727833994-4,493-440-5390,7/16/1994,5150910000000000.0
Lebbie,Fonteyne,lfonteyne30@ow.ly,300164976-3,537-294-9933,05/05/1988,5108750000000000.0
Ilyse,Hasel,ihasel31@shareasale.com,858852072-9,669-902-3368,11/06/1991,5602230000000000.0
Cami,Lowell,clowell32@apple.com,416992628-5,846-503-5699,12/21/1985,3545160000000000.0
Lonny,Solomonides,lsolomonides33@harvard.edu,187191142-7,219-549-6015,7/29/1980,5.60223e+17
Abbot,Borsay,aborsay34@ocn.ne.jp,074986648-9,183-203-6843,12/28/1980,5602220000000000.0
Bobbi,Joseff,bjoseff35@taobao.com,237084962-2,282-253-3413,03/07/1982,374284000000000.0
Cordy,Di Baudi,cdibaudi36@acquirethisname.com,409242822-7,229-600-9844,7/30/1983,30443900000000.0
Wendeline,Ridler,wridler37@census.gov,112639464-5,700-668-3693,6/21/1997,36647200000000.0
Kendell,Medley,kmedley38@mlb.com,712268189-0,939-451-7067,8/26/2000,4041590000000000.0
Elden,Nortcliffe,enortcliffe39@ustream.tv,551061267-3,551-830-1606,8/29/2000,5575580000000000.0
Jonathon,Rocks,jrocks3a@dropbox.com,826585868-X,867-662-5406,4/20/1994,3586840000000000.0
Tawsha,Behrend,tbehrend3b@zdnet.com,774041924-9,121-409-2539,9/24/1980,3578380000000000.0
Ethelda,Povall,epovall3c@google.cn,063646870-4,370-771-9105,7/15/1993,3552230000000000.0
Sallie,Lemm,slemm3d@desdev.cn,700038362-3,904-744-7895,5/18/1995,3577870000000000.0
Blakelee,Le Grice,blegrice3e@foxnews.com,159323571-2,915-149-8300,10/17/2000,3531510000000000.0
Pearl,Bentote,pbentote3f@vk.com,593002640-8,635-792-7742,10/22/1994,3537140000000000.0
Monti,Leyburn,mleyburn3g@lycos.com,057647766-4,904-643-6907,7/18/1984,374289000000000.0
Yoshi,Lubman,ylubman3h@adobe.com,434155441-7,543-732-2145,09/10/1980,3572420000000000.0
Fancy,Lindegard,flindegard3i@illinois.edu,098826211-8,366-113-5872,10/14/2000,3586730000000000.0
Anna-diane,Creane,acreane3j@bloglovin.com,420186405-7,832-187-7621,9/22/1999,3573310000000000.0
Jeffrey,Hansana,jhansana3k@dropbox.com,125108621-7,564-712-6015,08/08/1999,5.02097e+18
Enrique,Brahams,ebrahams3l@webeden.co.uk,115847788-0,606-919-8043,5/30/1988,3545580000000000.0
Euell,Bareham,ebareham3m@cdbaby.com,031130648-9,737-423-4507,2/16/1984,6.70953e+18
Bartolomeo,Thorrold,bthorrold3n@cisco.com,019804958-7,965-469-3079,5/18/1987,5.60226e+16
Marie-ann,Aps,maps3o@biblegateway.com,600601507-2,583-920-3707,5/15/1990,4905570000000000.0
Zedekiah,McLenahan,zmclenahan3p@hibu.com,437373902-1,216-428-0312,12/29/1997,5.60225e+18
Kristoffer,Cadge,kcadge3q@sakura.ne.jp,336365270-4,256-216-1895,1/20/1991,5.64183e+17
Simonette,Cuckoo,scuckoo3r@dot.gov,265710628-5,184-862-1752,9/16/1981,3554730000000000.0
Lettie,Scough,lscough3s@gnu.org,961075866-5,147-253-4409,4/18/1990,4508030000000000.0
Seward,Monnery,smonnery3t@yandex.ru,175975029-8,564-722-8958,08/07/1983,5602250000000000.0
Myrtie,Cleary,mcleary3u@google.ca,466137913-6,695-329-8100,3/28/1985,4041370000000.0
Ferdinande,Amdohr,famdohr3v@webeden.co.uk,009964335-9,907-175-9008,5/23/1997,36840900000000.0
Malchy,Bowmer,mbowmer3w@sakura.ne.jp,104925746-4,124-420-2428,10/12/1983,30297500000000.0
Eustace,Olliar,eolliar3x@timesonline.co.uk,645834633-6,578-133-3702,2/19/1994,6.70671e+17
Jeffrey,Whear,jwhear3y@technorati.com,925814477-5,282-733-3766,10/04/1981,30584800000000.0
Keefe,Cremen,kcremen3z@amazon.com,781307401-7,249-145-6210,6/25/1992,4905360000000000.0
Pauline,Clapham,pclapham40@omniture.com,067115202-5,405-468-1506,9/20/1990,3563550000000000.0
Doll,Sidnall,dsidnall41@cloudflare.com,902740590-5,237-260-2258,12/12/1987,3556830000000000.0
Marilyn,Patel,mpatel42@msn.com,060505798-2,421-716-8032,5/15/1991,3586340000000000.0
Putnem,Doddrell,pdoddrell43@nationalgeographic.com,618247090-9,960-821-9520,4/23/1995,4275640000000.0
Ban,Angeau,bangeau44@bravesites.com,817941430-2,462-847-5092,7/27/1993,5.89344e+18
Tallou,Rouke,trouke45@reference.com,387438326-1,729-703-6973,8/19/1988,30481000000000.0
Billi,Hurren,bhurren46@live.com,525104718-5,989-750-9805,05/05/1992,5100180000000000.0
Vivian,Acom,vacom47@msu.edu,402379353-1,559-780-7817,10/21/1980,3574100000000000.0
Bruce,Japp,bjapp48@umn.edu,029975559-2,711-469-9988,07/11/1982,6.7635e+17
Debera,MacNess,dmacness49@marketwatch.com,503286796-9,364-457-7626,09/02/1996,6.30437e+16
Amandy,Huxter,ahuxter4a@wsj.com,790199809-1,346-650-0887,02/11/1991,3543500000000000.0
Gaye,Bruhnke,gbruhnke4b@java.com,951270502-8,287-697-7380,8/31/1995,337941000000000.0
Sansone,Grishanin,sgrishanin4c@moonfruit.com,741457077-0,868-976-5553,07/10/1985,3577800000000000.0
Elana,Garwell,egarwell4d@ask.com,006497173-2,140-455-9143,4/27/1999,3554860000000000.0
Krista,Kelsell,kkelsell4e@auda.org.au,189882561-0,733-910-0741,8/23/1997,5262130000000000.0
Armin,Nesbeth,anesbeth4f@cam.ac.uk,470831890-1,560-884-1653,02/04/1992,6762590000000000.0
Rena,Pitrasso,rpitrasso4g@newyorker.com,039101918-X,522-265-3984,03/12/1984,3557770000000000.0
Jerrylee,Bangs,jbangs4h@un.org,366118556-X,921-364-3806,03/10/1985,4041370000000.0
Fraze,Helbeck,fhelbeck4i@bloglovin.com,292221403-6,886-404-9914,2/27/1985,3530190000000000.0
Timothea,Masi,tmasi4j@pcworld.com,175588621-7,751-229-1264,6/29/1989,5.89347e+17
Alec,Coslitt,acoslitt4k@digg.com,492184348-1,477-136-5439,09/09/1993,4026850000000000.0
Ripley,Fannon,rfannon4l@nhs.uk,353193590-9,600-948-1127,5/29/1990,6398990000000000.0
Papageno,Harbach,pharbach4m@blogspot.com,346803009-6,315-701-7517,1/26/1983,6.76772e+18
Daveta,Labbey,dlabbey4n@cbc.ca,949180862-1,855-828-9688,2/15/1983,3566690000000000.0
Chrissie,Chominski,cchominski4o@imgur.com,062739824-3,109-410-9331,8/23/1981,3584030000000000.0
Pamela,Bottini,pbottini4p@sphinn.com,204118140-0,516-588-9195,6/16/1999,201683000000000.0
Leonard,Campes,lcampes4q@blogspot.com,637455529-5,317-970-6254,12/31/1985,201450000000000.0
Libbi,Boxell,lboxell4r@phpbb.com,336871847-9,783-871-8675,10/31/1989,3584330000000000.0
Bunni,Joe,bjoe4s@pbs.org,422534682-X,131-297-5793,03/05/2000,5.61098e+17
Bald,Dradey,bdradey4t@miibeian.gov.cn,877527444-2,512-233-5476,01/09/1985,5420480000000000.0
Desmund,Maggill'Andreis,dmaggillandreis4u@slideshare.net,499282076-X,445-442-5688,5/26/1995,3573150000000000.0
Fairfax,Bagehot,fbagehot4v@ted.com,149644603-8,853-694-2951,5/25/1984,5020930000000000.0
Antonin,Aireton,aaireton4w@archive.org,524798751-9,109-388-0708,3/29/1989,30312700000000.0
Montague,Venes,mvenes4x@w3.org,787619126-6,560-645-1240,08/06/1984,6.76759e+17
Rosemonde,MacCostye,rmaccostye4y@meetup.com,384046824-8,698-432-4627,3/15/1993,201698000000000.0
Philbert,Hoffner,phoffner4z@over-blog.com,917885268-4,143-906-8420,03/08/1984,6.7061e+18
Selby,Yakobovicz,syakobovicz50@feedburner.com,135188135-3,538-574-7016,8/24/1984,3570200000000000.0
Kevan,Calafate,kcalafate51@unicef.org,693948337-3,913-236-6778,6/25/1992,30294400000000.0
Heda,Reckless,hreckless52@archive.org,286701397-6,349-410-6547,10/09/1995,6.70919e+17
Ulberto,Delany,udelany53@usda.gov,537567477-7,954-317-8520,5/15/1984,6.75964e+17
Kelly,Clapp,kclapp54@hp.com,953243387-2,453-418-1306,01/10/1998,374283000000000.0
Gerianna,Balbeck,gbalbeck55@netscape.com,151777148-X,568-986-2270,09/06/1987,5010130000000000.0
Roch,Yelyashev,ryelyashev56@wikispaces.com,896812420-5,354-811-9311,06/08/1985,5.03804e+18
Lombard,Muscat,lmuscat57@senate.gov,819627735-0,510-926-0481,3/26/1984,3530680000000000.0
Murial,Grubb,mgrubb58@oakley.com,151904208-6,999-489-0018,08/10/1988,3585950000000000.0
Kimmie,Rickaby,krickaby59@businessweek.com,511075790-9,975-779-2897,02/04/1996,5108760000000000.0
Sauncho,Flippen,sflippen5a@hatena.ne.jp,860693570-0,815-358-6630,2/22/1986,3529760000000000.0
Lina,Stanmer,lstanmer5b@opensource.org,203647017-3,359-506-0576,05/06/1988,201419000000000.0
Vladamir,Fallow,vfallow5c@tinypic.com,204511926-2,834-426-2579,11/27/1985,3563180000000000.0
Petey,Larver,plarver5d@angelfire.com,405193835-2,980-128-4045,1/18/1987,3565440000000000.0
Augusta,Phair,aphair5e@yandex.ru,412112139-2,780-455-5196,03/08/1995,5602240000000000.0
Marjory,Tombleson,mtombleson5f@bbc.co.uk,636430795-7,489-859-1217,8/27/1982,3570760000000000.0
Marja,Brantl,mbrantl5g@photobucket.com,958323007-3,461-601-9016,11/20/1990,30535300000000.0
Carlee,Linner,clinner5h@cmu.edu,340413206-8,453-841-5036,03/06/1985,5456390000000000.0
Curr,De Gogay,cdegogay5i@mozilla.com,341761084-2,625-168-6542,7/26/1997,4026580000000000.0
Guinna,Drewet,gdrewet5j@army.mil,159018068-2,495-942-3311,1/15/1989,5.60224e+18
Kass,Winchester,kwinchester5k@scientificamerican.com,278518076-3,947-727-3022,4/18/1993,5459510000000000.0
Leonard,Cubbini,icubbini5l@latimes.com,171517698-7,901-159-2212,4/19/1982,3565660000000000.0
Cyrille,Caddies,ccaddies5m@blinklist.com,297867180-7,709-841-2587,11/02/1992,3554930000000000.0
Rafaellle,Coal,rcoal5n@shop-pro.jp,327455874-5,987-880-3779,10/07/1991,5.89349e+16
Jacques,Ducket,jducket5o@ox.ac.uk,285365029-4,977-698-4430,06/01/1987,3538810000000000.0
Leigha,Readitt,lreaditt5p@redcross.org,486782495-X,669-354-9973,1/16/1982,201596000000000.0
Darell,Bootell,dbootell5q@umich.edu,278795338-7,875-967-1383,08/06/1983,3531070000000000.0
Waldon,Cussons,wcussons5r@ycombinator.com,880936617-4,271-184-4176,12/26/1985,3573370000000000.0
Alexandro,Marshall,amarshall5s@yahoo.com,294417400-2,667-668-3844,10/28/1987,3540370000000000.0
Temple,Storch,tstorch5t@cbsnews.com,953647543-X,649-760-0780,8/19/1980,3560900000000000.0
Auberta,Giocannoni,agiocannoni5u@vk.com,980155780-X,190-325-7061,5/28/1987,30154300000000.0
Ignace,Peare,ipeare5v@etsy.com,899333599-0,490-890-4252,10/29/1989,6334750000000000.0
Merv,Ingarfill,mingarfill5w@aol.com,951699917-4,875-694-8450,2/27/1986,3542990000000000.0
Tyrone,Lunny,tlunny5x@earthlink.net,509478912-0,830-610-3774,4/13/1997,3556060000000000.0
Salaidh,Jerzycowski,sjerzycowski5y@chronoengine.com,260444137-3,631-363-3970,4/19/1983,4.90518e+17
Zacherie,Erdely,zerdely5z@tripod.com,190578679-4,433-266-3058,1/30/1982,3554230000000000.0
Donetta,Pear,dpear60@vistaprint.com,367942960-6,772-856-2656,2/25/1999,6.7679e+18
Marwin,Mcettrick,mmcettrick61@tmall.com,922530766-7,977-180-8969,11/26/1992,30150100000000.0
Bruce,Clineck,bclineck62@friendfeed.com,996639007-3,158-293-6605,6/13/1999,4917120000000000.0
Ingar,Bertelet,ibertelet63@wix.com,947569240-1,653-531-9266,08/09/1983,3539420000000000.0
Emmeline,Woltman,ewoltman64@csmonitor.com,362246333-3,181-500-1080,06/07/1992,6378670000000000.0
Rickie,Sunman,rsunman65@ft.com,535353261-9,964-189-7060,8/28/1989,3540800000000000.0
Emmalyn,Ghirardi,eghirardi66@trellian.com,616757722-6,176-845-4366,03/10/2000,5432070000000000.0
Gertie,Capron,gcapron67@comsenz.com,352133825-8,516-639-3166,5/29/1981,5.60223e+18
Sheilah,Linne,slinne68@apple.com,915779608-4,829-993-1310,3/23/1980,3534450000000000.0
Sansone,Choak,schoak69@ameblo.jp,970941008-3,321-777-4857,03/04/2000,3583280000000000.0
Meggy,Quixley,mquixley6a@ca.gov,699732245-X,971-765-2260,12/27/1997,3535510000000000.0
Kathryn,McBay,kmcbay6b@csmonitor.com,237210361-X,188-938-4037,3/16/1984,30568800000000.0
Kerby,Unitt,kunitt6c@technorati.com,348086736-7,518-318-5936,3/18/1991,201642000000000.0
Penny,Screase,pscrease6d@cdbaby.com,756450379-3,102-905-2467,10/09/1982,3534970000000000.0
Korrie,Breheny,kbreheny6e@princeton.edu,472374988-8,962-907-1998,06/06/2000,3548800000000000.0
Petunia,Pittendreigh,ppittendreigh6f@pcworld.com,577168033-8,926-702-8504,11/14/1999,6.76757e+18
Roderich,Scriven,rscriven6g@live.com,644408655-8,207-343-6770,2/14/1990,3563190000000000.0
Dorian,Eginton,deginton6h@netlog.com,294329095-5,757-734-5852,7/22/1988,3533870000000000.0
Rabbi,Meachem,rmeachem6i@devhub.com,750279297-X,380-943-3261,1/19/1994,6706220000000000.0
Gonzalo,O'Feeney,gofeeney6j@google.de,834844925-6,135-139-2752,12/22/1986,3569230000000000.0
Halsey,Lampett,hlampett6k@apple.com,170591046-7,798-187-5910,01/01/1997,3562610000000000.0
Stanislaw,Venn,svenn6l@dedecms.com,995236668-X,311-700-6962,01/10/1994,3583630000000000.0
Veriee,Pridmore,vpridmore6m@ihg.com,661508742-1,836-221-2085,10/08/1998,5007660000000000.0
Virgie,Tomasutti,vtomasutti6n@unc.edu,060779651-0,110-864-8852,8/27/1999,5602240000000000.0
Adham,Blunt,ablunt6o@apple.com,945190587-1,662-628-5646,7/18/1982,3553450000000000.0
Martica,Powderham,mpowderham6p@cdbaby.com,076270334-2,905-917-8155,09/01/1985,30238200000000.0
Delcina,Osban,dosban6q@npr.org,137967366-6,362-813-4254,11/05/1980,4.90594e+17
Emmit,Geraldini,egeraldini6r@bandcamp.com,024104887-7,831-288-7478,5/22/1980,3544390000000000.0
Zenia,Fellows,zfellows6s@army.mil,805338211-8,617-764-6285,3/13/2000,3588130000000000.0
Saxon,Vakhrushin,svakhrushin6t@jimdo.com,357273281-6,680-688-5557,5/18/1984,3586800000000000.0
Angel,Buckham,abuckham6u@google.es,104617759-1,138-390-3364,12/31/1988,5602240000000000.0
Erena,Coursor,ecoursor6v@topsy.com,926169075-0,170-781-1926,7/25/1980,30073300000000.0
Aluino,Shwalbe,ashwalbe6w@baidu.com,224653952-8,789-564-0320,2/24/1997,3560000000000000.0
Cornelia,Boylin,cboylin6x@sourceforge.net,869911736-1,404-448-3861,08/12/1987,337941000000000.0
Zarah,Younghusband,zyounghusband6y@mediafire.com,085251602-9,630-617-1903,10/03/2000,3569680000000000.0
Sargent,Cranstone,scranstone6z@techcrunch.com,170812471-3,145-204-9512,06/10/1984,3559070000000000.0
Amalia,Schowenburg,aschowenburg70@example.com,849453724-5,718-474-6242,6/19/1982,3529640000000000.0
Corena,Ganders,cganders71@wp.com,634243849-8,777-371-1769,1/25/1985,5.01802e+17
Malena,Oxlade,moxlade72@over-blog.com,993374234-5,525-460-8981,08/04/1997,201438000000000.0
Angelle,Hurlestone,ahurlestone73@weibo.com,111231924-7,470-894-2566,1/24/1997,3550410000000000.0
Ethelind,Kohnemann,ekohnemann74@goo.gl,787512994-X,755-400-2077,12/28/1999,3560950000000000.0
Dion,McCandie,dmccandie75@google.es,262024947-3,453-317-7130,6/14/1994,201605000000000.0
Gale,Sutterby,gsutterby76@comcast.net,835129925-1,841-171-3109,06/09/1989,30090900000000.0
Desiree,Allport,dallport77@amazon.de,595057120-7,228-968-6829,01/09/1991,30378200000000.0
Phillis,Ballham,pballham78@biglobe.ne.jp,755883380-9,753-586-6928,11/18/1985,5.01869e+16
Patsy,Welch,pwelch79@stanford.edu,698678105-9,170-495-0042,12/16/1985,5442120000000000.0
Emylee,Moukes,emoukes7a@de.vu,412217426-0,575-207-5940,06/07/1987,3569900000000000.0
Thaine,Brearley,tbrearley7b@qq.com,049586702-0,914-552-5091,4/18/1999,3550660000000000.0
Amber,Kerbey,akerbey7c@themeforest.net,461712822-0,612-200-6346,10/06/1980,6.76725e+18
Terri,Thurston,tthurston7d@addthis.com,516842741-3,770-640-6353,08/08/1994,6.70632e+17
Claudelle,Grestie,cgrestie7e@hp.com,539529224-1,771-987-3406,9/16/1997,3568410000000000.0
Vanna,Libbe,vlibbe7f@goo.ne.jp,064263992-2,529-484-6032,02/04/1982,3537140000000000.0
Cloris,Goldney,cgoldney7g@economist.com,619345032-7,505-713-6470,10/21/1989,604802000000000.0
Nobe,Fardoe,nfardoe7h@multiply.com,051659740-X,588-837-0250,4/18/1984,374288000000000.0
Gwynne,Petrishchev,gpetrishchev7i@flickr.com,743071561-3,300-942-4850,11/09/1994,3546890000000000.0
Clive,Bradford,cbradford7j@nyu.edu,972905949-7,890-824-7650,12/08/1982,4911820000000000.0
Meridel,Ormston,mormston7k@usda.gov,062630545-4,214-377-1440,07/10/1988,3530070000000000.0
Albina,Monelle,amonelle7l@slashdot.org,990153534-4,902-929-4445,12/18/1995,3560110000000000.0
Grenville,Darkins,gdarkins7m@ihg.com,063465130-7,829-248-7179,06/02/1981,4905140000000000.0
Humbert,Stimson,hstimson7n@barnesandnoble.com,860237105-5,826-879-9292,10/05/2000,3533600000000000.0
Marcia,Duferie,mduferie7o@oaic.gov.au,829994966-1,520-436-5012,07/01/1987,3587570000000000.0
Chicky,Wickson,cwickson7p@homestead.com,914626797-2,852-252-5641,08/02/1990,4439760000000000.0
Flossy,Eyer,feyer7q@eepurl.com,237489354-5,351-925-5121,9/23/1987,4.9056e+18
Leonerd,McLice,lmclice7r@wiley.com,473435102-3,505-431-5815,8/26/1983,5.61006e+18
Ruttger,Cutchie,rcutchie7s@about.me,003465686-3,731-907-8481,09/07/1991,3573820000000000.0
Orelie,Jozefiak,ojozefiak7t@so-net.ne.jp,297089222-7,946-829-0222,3/17/1993,5199190000000000.0
Yorker,Cubbini,ycubbini7u@posterous.com,816940229-8,719-627-8061,08/06/1998,4.90338e+17
Delinda,Buzine,dbuzine7v@smh.com.au,732149048-3,129-524-6285,5/17/1987,4462410000000000.0
Ethyl,Walklate,ewalklate7w@cdbaby.com,402167698-8,541-619-4242,6/24/1986,5602220000000000.0
Deirdre,Earle,dearle7x@umn.edu,954276220-8,167-743-4418,08/06/1987,6.3045e+18
Roddy,Crosthwaite,rcrosthwaite7y@sakura.ne.jp,268878404-8,792-988-0394,6/20/1982,372301000000000.0
Lilias,Breissan,lbreissan7z@wunderground.com,162913531-3,702-653-7100,9/28/1987,30599200000000.0
Mag,Castagna,mcastagna80@miibeian.gov.cn,217092336-5,501-549-7854,7/21/1980,5.60225e+18
Keene,Diemer,kdiemer81@exblog.jp,098234438-4,283-108-7983,11/07/1984,5602250000000000.0
Vanni,Sweedy,vsweedy82@marketwatch.com,530753188-5,485-868-3466,9/29/1990,6759730000000000.0
Jermaine,McNally,jmcnally83@liveinternet.ru,671319758-2,804-556-1565,02/06/1987,4844940000000000.0
Maureene,Lorain,mlorain84@time.com,747343723-2,616-619-2045,7/19/1997,5002360000000000.0
Redford,Labon,rlabon85@wired.com,075646700-4,360-236-1318,6/27/1989,5610520000000000.0
Kristina,Vian,kvian86@samsung.com,556450496-8,728-694-4453,5/23/1993,3563310000000000.0
Billie,Pedrick,bpedrick87@nbcnews.com,392949837-5,880-627-5129,05/10/1996,3557930000000000.0
Dexter,Candelin,dcandelin88@miibeian.gov.cn,496035594-8,105-271-5517,2/28/1981,3575150000000000.0
Vivyanne,Larkins,vlarkins89@pen.io,702479975-7,485-744-4170,09/03/1995,201675000000000.0
Nikaniki,Filasov,nfilasov8a@bigcartel.com,291045718-4,721-196-9602,03/10/1994,3587360000000000.0
Forbes,Aicken,faicken8b@joomla.org,570371958-5,597-146-9243,06/10/1992,6.30411e+16
Lorna,Featherby,lfeatherby8c@blogtalkradio.com,610383661-1,656-137-6800,01/03/1999,3554480000000000.0
Stace,Mullis,smullis8d@google.co.uk,192103818-7,925-188-3459,12/16/1986,5.03805e+16
Brooks,Hunday,bhunday8e@miibeian.gov.cn,705577383-0,540-722-4255,06/09/2000,30409600000000.0
Neely,O'Dennehy,nodennehy8f@sourceforge.net,700439530-8,838-161-5635,03/11/1996,4041370000000.0
Gerry,Youngs,gyoungs8g@alexa.com,449458134-8,695-426-1143,10/24/1984,3586020000000000.0
Frances,Santello,fsantello8h@redcross.org,199832305-6,299-838-3826,5/16/1983,5197890000000000.0
Verne,Abarough,vabarough8i@intel.com,191127500-3,674-416-3206,5/28/1994,3572520000000000.0
Shawna,Alans,salans8j@bbb.org,361821750-1,308-273-3205,10/24/1989,3535890000000000.0
Demetris,Kingescot,dkingescot8k@is.gd,594731747-8,527-240-8123,10/10/1998,4.90328e+17
Cesare,Riccardini,criccardini8l@amazon.co.jp,520170433-6,250-424-2423,11/30/1980,5210770000000000.0
Martita,Cordon,mcordon8m@reference.com,281310521-X,346-389-6463,09/08/1988,4405120000000000.0
Zachary,Cash,zcash8n@gmpg.org,934260057-3,877-991-1802,11/30/1988,5314770000000000.0
Seka,Joddens,sjoddens8o@sciencedaily.com,082711352-8,641-280-1353,8/14/2000,5108760000000000.0
Crystie,Presman,cpresman8p@theglobeandmail.com,999459575-X,671-546-2183,12/18/1995,30162700000000.0
Dalila,Zorzini,dzorzini8q@hud.gov,712700227-4,969-747-4704,7/15/1997,3561180000000000.0
Gram,Beel,gbeel8r@oaic.gov.au,155694703-8,838-822-2951,7/20/1987,3562790000000000.0
Nike,Titterrell,ntitterrell8s@is.gd,891443609-8,314-568-3418,8/28/1993,3556550000000000.0
Filbert,Jahndel,fjahndel8t@opera.com,399539478-7,741-488-7139,10/29/1985,6399610000000000.0
Arda,Iggalden,aiggalden8u@meetup.com,358034739-X,513-680-6317,11/11/1981,3563090000000000.0
Marwin,Jacox,mjacox8v@moonfruit.com,390465886-7,941-993-4110,3/28/1985,370674000000000.0
Eunice,Mille,emille8w@businessweek.com,820009816-8,912-862-1048,3/31/1985,5602250000000000.0
Sharline,Attrey,sattrey8x@istockphoto.com,937942747-6,718-388-6637,5/24/1987,4.90581e+18
Olivero,Nation,onation8y@chron.com,438896467-0,133-594-6724,02/07/1993,6.76214e+17
Guthry,Bale,gbale8z@desdev.cn,129954375-8,405-686-6947,12/29/1989,3548700000000000.0
Gussie,Boundley,gboundley90@thetimes.co.uk,875339127-6,962-886-4649,5/19/1995,3576250000000000.0
Jilleen,Gillison,jgillison91@google.co.uk,250732389-2,230-287-6382,06/01/1983,3529250000000000.0
Danella,Devall,ddevall92@google.pl,316594389-3,725-786-7850,6/19/1996,372302000000000.0
Adam,Khotler,akhotler93@gmpg.org,442243550-7,466-907-5972,08/10/1993,3589540000000000.0
Kayley,McEntegart,kmcentegart94@marriott.com,157266381-2,858-336-9023,05/06/2000,5108750000000000.0
Tiffany,Simecek,tsimecek95@skyrock.com,098469722-5,535-773-8312,12/24/1999,3559340000000000.0
Read,Cutford,rcutford96@icio.us,712763405-X,118-106-8120,10/27/1987,3589700000000000.0
Robbin,MacGebenay,rmacgebenay97@mit.edu,555503025-8,386-448-1713,09/07/1996,4.90314e+17
Jay,Venediktov,jvenediktov98@hp.com,674899067-X,974-906-1719,8/24/1984,3575320000000000.0
Dora,D'Oyly,ddoyly99@patch.com,880570106-8,167-344-9873,5/14/1986,3543550000000000.0
Jasper,Rodenburg,jrodenburg9a@spotify.com,794954388-4,683-166-3447,09/01/1986,4041370000000000.0
Gerhardine,Papworth,gpapworth9b@va.gov,375009943-X,706-641-5443,7/23/1995,201769000000000.0
Ed,Allden,eallden9c@dion.ne.jp,123762191-7,137-345-4746,6/20/1981,5412100000000000.0
Art,Morfell,amorfell9d@a8.net,524699043-5,491-520-3657,04/06/2000,3542650000000000.0
Jock,Boot,jboot9e@statcounter.com,023348253-9,355-500-1095,11/15/1995,30575600000000.0
Jorgan,Charter,jcharter9f@people.com.cn,849096427-0,176-628-7409,6/18/1987,30438400000000.0
Dion,Barrott,dbarrott9g@zimbio.com,481575089-0,280-991-1889,6/26/1981,3584050000000000.0
Winni,O'Carroll,wocarroll9h@wikia.com,896323454-1,620-969-7105,10/21/1998,6.76785e+18
Flem,Kelf,fkelf9i@paginegialle.it,265383363-8,244-809-4791,5/27/1995,201949000000000.0
Jewelle,Davenall,jdavenall9j@ning.com,808285417-0,257-175-1842,12/04/1982,3530300000000000.0
Kerrie,Rothert,krothert9k@slashdot.org,989704888-X,768-672-9858,11/20/1999,3562980000000000.0
Kyla,Tolliday,ktolliday9l@homestead.com,879805901-7,843-585-7000,02/07/1981,3534590000000000.0
Dinnie,Reddick,dreddick9m@google.cn,576505850-7,379-412-3798,10/28/1993,5108760000000000.0
Shir,Zebedee,szebedee9n@ucsd.edu,315779539-2,166-607-1463,09/12/1996,201633000000000.0
Olva,Hayter,ohayter9o@sitemeter.com,551165181-8,790-274-3299,01/03/1989,4175010000000000.0
Fredra,Oneile,foneile9p@macromedia.com,322460926-5,932-217-8241,1/31/1995,6.70988e+16
Livy,Hexum,lhexum9q@wikipedia.org,052358483-0,541-211-4209,5/13/1991,4508890000000000.0
Mathias,Krolik,mkrolik9r@deviantart.com,518703697-1,448-243-6904,3/26/1980,4508560000000000.0
Granville,Ferryn,gferryn9s@wikipedia.org,396360575-8,354-329-5524,12/28/1988,5038220000000000.0
Rhodie,Culpan,rculpan9t@shareasale.com,784376656-1,851-748-7589,9/30/1980,3545630000000000.0
Uriah,Goude,ugoude9u@usnews.com,063405581-X,313-541-6430,5/16/1995,3543210000000000.0
Paulita,Boobier,pboobier9v@wunderground.com,646408250-7,874-547-8602,9/26/1989,3534680000000000.0
Costa,Mecchi,cmecchi9w@blinklist.com,796334906-2,676-246-8263,11/22/1992,4041370000000.0
Illa,Morgan,imorgan9x@technorati.com,704963609-6,702-192-5927,08/12/1987,3543390000000000.0
Michaella,Sleet,msleet9y@auda.org.au,969613152-6,834-254-9398,03/02/1988,5602240000000000.0
Phillip,Menham,pmenham9z@cmu.edu,776905701-9,414-265-4661,8/24/1994,201644000000000.0
Ferdinande,Fairham,ffairhama0@census.gov,323406870-4,496-536-1474,07/12/1986,374289000000000.0
Gil,Isoldi,gisoldia1@slate.com,583482711-X,316-322-2542,4/13/1997,6.33111e+18
Pattie,Blythin,pblythina2@ovh.net,789121272-4,508-892-2657,1/18/1993,201895000000000.0
Ileane,Laguerre,ilaguerrea3@t.co,337999581-9,592-362-1066,12/11/1985,6334540000000000.0
Philipa,Jellman,pjellmana4@businessweek.com,149357068-4,730-994-4749,09/06/1994,3581870000000000.0
Ron,Spellman,rspellmana5@tripadvisor.com,914239466-X,911-194-9588,01/09/1998,5301510000000000.0
Lilyan,Bentjens,lbentjensa6@howstuffworks.com,470218196-3,202-944-0417,01/02/1996,3584570000000000.0
Olin,Oppy,ooppya7@google.it,256536357-5,826-119-6824,11/24/1989,337941000000000.0
Junia,Shilito,jshilitoa8@booking.com,233774823-5,156-508-2973,10/30/1993,3546800000000000.0
Philip,Pudsey,ppudseya9@go.com,403111446-X,356-731-3673,5/20/1999,3583980000000000.0
Romy,Kringe,rkringeaa@nature.com,335534467-2,210-780-5608,9/16/1984,3588170000000000.0
Raven,Arpino,rarpinoab@xing.com,632570452-5,520-830-4337,7/22/2000,6.33488e+17
Rosana,Filipic,rfilipicac@behance.net,194808635-2,870-117-7269,07/04/1999,5100130000000000.0
Dusty,Straker,dstrakerad@de.vu,459500954-2,165-324-4525,11/10/1984,5610560000000000.0
Carlie,Hartill,chartillae@apple.com,692379521-4,439-118-8861,12/16/1999,3561740000000000.0
Nilson,Trappe,ntrappeaf@census.gov,705944088-7,893-481-3403,02/04/1982,376364000000000.0
Gerrard,Abramson,gabramsonag@people.com.cn,870500980-4,843-286-1732,5/18/2000,5357320000000000.0
Rodrick,McReath,rmcreathah@blinklist.com,133297980-7,626-232-6551,10/23/1982,4913760000000000.0
Vernice,Juarez,vjuarezai@princeton.edu,593757999-2,704-891-2094,04/09/1987,3573720000000000.0
Daloris,Otter,dotteraj@taobao.com,928632569-X,702-775-3501,06/08/1982,5018250000000000.0
Kipp,Twaits,ktwaitsak@google.de,522272651-7,731-979-4219,08/09/1984,4041590000000000.0
Shellysheldon,Noirel,snoirelal@ucla.edu,292415187-2,153-962-8905,7/20/1981,3552430000000000.0
Cloris,Frean,cfreanam@china.com.cn,759527867-8,877-265-2603,09/12/1982,4041380000000.0
Marya,Mullinder,mmullinderan@ted.com,879965126-2,794-638-7593,01/07/1988,3563960000000000.0
Leontine,Josovitz,ljosovitzao@ca.gov,564913758-7,404-411-5158,3/25/1991,4041600000000000.0
Zondra,Aked,zakedap@fastcompany.com,449571534-8,780-429-5564,4/13/1983,5.01868e+17
Tarah,Duck,tduckaq@merriam-webster.com,725967148-3,148-763-8686,2/19/1991,6.70646e+18
Susi,Devine,sdevinear@japanpost.jp,019976798-X,754-888-2569,3/17/1986,5007670000000000.0
Elisabeth,Eberts,eebertsas@sun.com,495675345-4,826-118-5870,01/07/1995,3542340000000000.0
Rodger,Iannello,riannelloat@icio.us,279305504-2,856-902-3379,11/15/1979,3558120000000000.0
Valentina,Crambie,vcrambieau@ihg.com,063289908-5,187-191-5495,1/14/1995,3583720000000000.0
Lorna,Grice,lgriceav@yolasite.com,061370962-4,482-461-4141,1/24/1983,5007670000000000.0
Georgette,Goudie,ggoudieaw@mozilla.org,132514895-4,945-954-5843,4/16/1997,337942000000000.0
Magdalena,Perchard,mperchardax@i2i.jp,148732714-5,295-195-2223,6/27/1985,5602230000000000.0
Ariela,Hazlehurst,ahazlehurstay@huffingtonpost.com,674951922-9,991-536-7298,7/26/1999,3578300000000000.0
Fleur,Blumer,fblumeraz@google.es,375071196-8,360-425-5502,2/24/1989,30040600000000.0
Maddalena,Helkin,mhelkinb0@si.edu,419262113-4,436-238-2333,02/05/1998,4936510000000000.0
Roxi,Craft,rcraftb1@china.com.cn,625743656-7,181-303-1249,4/19/1996,4026850000000000.0
Aleece,Ewols,aewolsb2@webmd.com,044029862-8,934-869-8081,03/09/1990,5108760000000000.0
Devlin,Gilbee,dgilbeeb3@angelfire.com,342592563-6,312-995-6459,04/05/1993,3555070000000000.0
Jourdan,Bygrave,jbygraveb4@drupal.org,798905215-6,529-231-2920,5/13/1985,5602210000000000.0
Agathe,Mell,amellb5@phpbb.com,234706856-3,564-227-2733,7/15/1981,4041600000000000.0
Delora,Rawood,drawoodb6@ezinearticles.com,401259400-1,640-555-4562,09/06/1987,5602250000000000.0
El,Eggleston,eegglestonb7@apache.org,835629437-1,657-282-2753,4/16/1994,3589170000000000.0
Eleni,Nockles,enocklesb8@foxnews.com,820877425-1,888-470-6036,05/07/1991,3561450000000000.0
Georgie,Julian,gjulianb9@unesco.org,948578196-2,128-881-6210,12/19/1996,3589100000000000.0
Jenni,Rojas,jrojasba@simplemachines.org,514584566-9,185-781-9373,10/12/1989,3580080000000000.0
Evania,Quinet,equinetbb@msu.edu,170284544-3,881-343-9419,8/22/1997,347667000000000.0
Farand,Olensby,folensbybc@yellowbook.com,049696726-6,991-665-5401,12/26/1984,5108760000000000.0
Kristal,Nutbeem,knutbeembd@shinystat.com,346002902-1,659-918-4643,09/05/1998,4814770000000.0
Meir,Ingram,mingrambe@nba.com,624649514-1,295-822-9452,07/07/1981,5100170000000000.0
Michel,Nisby,mnisbybf@abc.net.au,238288363-4,857-919-0436,01/05/1985,5287730000000000.0
Wrennie,Postlethwaite,wpostlethwaitebg@omniture.com,522914902-7,787-521-8685,6/22/2000,5.64183e+17
Gamaliel,De Dantesie,gdedantesiebh@hostgator.com,031772399-5,364-834-2216,2/22/1994,3550280000000000.0
Sophia,Francescotti,sfrancescottibi@amazon.co.uk,852979012-X,979-139-7068,3/20/1980,6759340000000000.0
Bay,Bentinck,bbentinckbj@zimbio.com,162281401-0,357-964-5910,08/03/1993,5.60226e+17
Ibby,Bottrell,ibottrellbk@mit.edu,907502016-3,639-824-7323,09/10/1989,5020700000000000.0
Leroy,Kunkler,lkunklerbl@businesswire.com,536111597-5,640-110-1185,03/10/1998,3540310000000000.0
Deerdre,Mattheus,dmattheusbm@google.co.jp,183020073-9,881-270-4343,5/25/1997,5610230000000000.0
Roch,Quin,rquinbn@hhs.gov,998637537-1,672-166-3834,10/17/1994,4917970000000000.0
Reinold,Peirone,rpeironebo@reverbnation.com,831703051-2,510-330-7233,10/05/1992,4041600000000000.0
Cosetta,Wellbank,cwellbankbp@github.com,066648186-5,885-855-5692,05/04/1984,6.30453e+17
Darnell,Bennallck,dbennallckbq@blogs.com,434473657-5,145-126-2821,09/10/1988,3535010000000000.0
Clemmie,Goldsberry,cgoldsberrybr@networksolutions.com,233269992-9,694-751-0663,5/26/1999,30237000000000.0
Winnah,Ferrer,wferrerbs@vinaora.com,452799774-2,484-530-6859,04/10/1991,3535060000000000.0
Phyllida,McQuilliam,pmcquilliambt@princeton.edu,790507688-1,471-760-3903,11/04/1990,3553380000000000.0
Archibald,Masdin,amasdinbu@samsung.com,254923275-5,567-570-6232,1/29/1987,5.61069e+16
Pietrek,Stenton,pstentonbv@elegantthemes.com,146152622-1,781-359-6551,2/27/1995,3555300000000000.0
Sarena,Caroline,scarolinebw@utexas.edu,640384554-3,864-979-7081,10/11/1990,5602260000000000.0
Carney,Tremberth,ctremberthbx@1688.com,708626732-5,210-128-0686,6/26/1982,3557830000000000.0
Muffin,Stiell,mstiellby@topsy.com,860253328-4,641-734-5995,8/19/1988,6374760000000000.0
Britni,Jullian,bjullianbz@blogger.com,084390118-7,670-427-4385,08/04/1994,4.9119e+18
Lianna,Hansen,lhansenc0@psu.edu,227859560-1,122-115-1014,10/28/1999,3529000000000000.0
Onofredo,Gramer,ogramerc1@indiegogo.com,103370281-1,938-412-4224,12/26/1980,3543850000000000.0
Susanne,Markovic,smarkovicc2@phoca.cz,718441978-2,463-886-0939,01/11/1993,3559120000000000.0
Mab,Bleaden,mbleadenc3@europa.eu,408585704-5,698-134-9964,9/27/1981,30042600000000.0
Hale,Gratten,hgrattenc4@tripadvisor.com,244022310-7,780-231-2854,3/23/1984,201654000000000.0
Den,Merwede,dmerwedec5@ftc.gov,583729958-0,983-630-7212,03/05/1991,36289300000000.0
Halley,Winspurr,hwinspurrc6@drupal.org,683844848-3,608-782-8549,10/01/1996,5415510000000000.0
Sasha,Schimoni,sschimonic7@nsw.gov.au,815850090-0,868-700-0610,09/09/1995,6771600000000000.0
Athene,Jobes,ajobesc8@sitemeter.com,127976297-7,218-402-6159,08/11/1987,5602210000000000.0
Ben,Ralling,brallingc9@businessweek.com,029678384-6,263-884-9597,4/26/1982,3542670000000000.0
Tamma,Belham,tbelhamca@foxnews.com,352970148-3,973-436-1991,8/22/1990,6.30475e+16
Cart,Roskeilly,croskeillycb@squidoo.com,651163979-7,598-617-5934,09/04/1995,3566510000000000.0
Verney,Olden,voldencc@prweb.com,104998867-1,977-183-3062,5/31/1987,4026230000000000.0
Maren,Clowsley,mclowsleycd@whitehouse.gov,718296307-8,533-955-5606,12/21/1987,3561760000000000.0
Suzy,Boxer,sboxerce@seesaa.net,598860252-5,765-432-3907,9/20/1995,374288000000000.0
Felizio,Hall-Gough,fhallgoughcf@canalblog.com,897176706-5,263-529-7338,7/13/1996,5100150000000000.0
Gerry,Clappison,gclappisoncg@kickstarter.com,064908652-X,413-345-5681,3/29/1994,30180800000000.0
Wash,Dennington,wdenningtonch@1688.com,458330453-6,661-114-2518,09/02/1984,374284000000000.0
Cary,Mattaus,cmattausci@thetimes.co.uk,195657254-6,643-648-4329,1/15/1982,4026660000000000.0
Ginger,Spincks,gspinckscj@salon.com,474481252-X,813-919-6618,04/02/1997,3540280000000000.0
Ingar,Hryniewicz,ihryniewiczck@jugem.jp,526829932-8,450-170-0004,12/01/1990,5108750000000000.0
Gertie,Roblou,grobloucl@bbc.co.uk,986394898-5,670-786-8167,8/25/1997,5211150000000000.0
Marley,Yong,myongcm@nymag.com,925555689-4,331-684-9426,12/13/1984,4.91196e+18
Delcine,Hallgath,dhallgathcn@quantcast.com,891832039-6,218-262-9752,11/20/1995,3544340000000000.0
Dionis,Barbary,dbarbaryco@blogger.com,062808363-7,212-910-2526,11/05/1985,3549690000000000.0
Kati,Decaze,kdecazecp@moonfruit.com,602120342-9,273-228-9579,06/11/1995,3554230000000000.0
Richmound,Curryer,rcurryercq@rediff.com,605644642-5,912-992-4182,9/26/1985,3557580000000000.0
Mill,Moxsom,mmoxsomcr@cafepress.com,101579683-4,537-907-6887,09/10/1991,337942000000000.0
Worthy,Carreyette,wcarreyettecs@diigo.com,538611871-4,297-821-1610,6/13/1983,4.91114e+17
Felicdad,Clemendet,fclemendetct@artisteer.com,379060023-7,100-453-0259,01/01/1995,6304800000000000.0
Keane,McMurty,kmcmurtycu@theguardian.com,803497937-6,284-237-0083,06/02/1989,6045190000000000.0
Jud,Domenc,jdomenccv@aboutads.info,776368011-3,239-751-4524,9/28/2000,3583190000000000.0
Stephannie,Applewhaite,sapplewhaitecw@youtu.be,090480127-6,107-200-3605,10/24/1987,5038930000000000.0
Gabriellia,Greenstead,ggreensteadcx@usnews.com,331587903-6,692-426-3362,9/30/2000,3531460000000000.0
Petra,MacAlaster,pmacalastercy@usnews.com,511981573-1,713-872-2699,2/17/1986,201634000000000.0
Connor,Gaskarth,cgaskarthcz@bravesites.com,215991582-3,486-989-5858,6/18/1987,3540800000000000.0
Worthy,Jeannin,wjeannind0@hhs.gov,826946182-2,204-454-4116,1/27/1989,6.7716e+17
Dasha,Milby,dmilbyd1@mashable.com,984020807-1,581-704-1595,10/06/1996,6763050000000000.0
Oona,Goneau,ogoneaud2@biblegateway.com,163109917-5,484-908-9249,1/26/1993,5108760000000000.0
Saundra,MacKomb,smackombd3@netvibes.com,988689511-X,316-338-5864,7/21/1994,201429000000000.0
Mandi,Muriel,mmurield4@dedecms.com,801371588-4,717-459-1144,05/04/1981,5602220000000000.0
Sandi,Conti,scontid5@usnews.com,377568301-1,419-218-8466,2/13/1988,3563280000000000.0
Eddie,Huzzay,ehuzzayd6@indiegogo.com,044950333-X,234-497-2489,4/25/1992,4844930000000000.0
Isak,Humbell,ihumbelld7@hc360.com,890331691-6,100-364-7486,12/28/1980,3568260000000000.0
Dela,Leete,dleeted8@archive.org,638255676-9,142-669-8520,11/29/1987,5424650000000000.0
Maiga,McFarlan,mmcfarland9@buzzfeed.com,066756476-4,444-210-3953,12/08/1979,3586650000000000.0
Walther,Vase,wvaseda@weebly.com,920846214-5,592-844-5780,03/10/1985,5010120000000000.0
Charmain,Wisby,cwisbydb@imgur.com,309850732-2,992-196-8850,6/22/1981,6.75922e+18
Audrey,Loxley,aloxleydc@blogspot.com,092383397-8,815-566-1346,05/03/1987,3544060000000000.0
Templeton,Hitzschke,thitzschkedd@java.com,667607932-1,666-828-9076,4/29/2000,5.89343e+18
Mordecai,Amiranda,mamirandade@wunderground.com,928579679-6,663-232-7360,12/24/1981,3572540000000000.0
Wilton,Benninger,wbenningerdf@marketwatch.com,898570824-4,630-327-7363,4/14/1993,5131970000000000.0
Lana,Smallshaw,lsmallshawdg@vimeo.com,983578975-4,296-517-6929,09/04/1990,5544440000000000.0
Bernadina,Roydon,broydondh@reverbnation.com,703814871-0,699-559-0372,8/27/1992,4903780000000000.0
Ava,Diviney,adivineydi@desdev.cn,740666787-6,731-553-0432,11/15/1983,5263240000000000.0
Kirby,Glavin,kglavindj@google.es,677113935-2,141-364-1027,2/16/1989,6.76332e+16
Oralle,Curds,ocurdsdk@lulu.com,040940925-1,558-868-3772,1/15/1991,5122700000000000.0
Howey,Sesser,hsesserdl@loc.gov,154396989-5,488-808-3073,9/30/1982,4844130000000000.0
Northrup,Rivaland,nrivalanddm@who.int,831891327-2,523-395-8279,02/09/1997,3535220000000000.0
Elnar,St. Leger,estlegerdn@github.io,452669750-8,267-867-7097,8/31/1999,3550740000000000.0
Margarete,Beeck,mbeeckdo@dedecms.com,756185475-7,572-130-3920,4/21/1999,4175000000000000.0
Garnette,Oldis,goldisdp@cnbc.com,783192823-5,406-364-7439,2/28/1995,4.91175e+17
Sile,Altoft,saltoftdq@netlog.com,112968342-7,594-530-9549,8/26/1981,337942000000000.0
Timothy,Royste,troystedr@myspace.com,753904766-6,903-954-4944,10/08/1996,3535720000000000.0
Broderick,Zealey,bzealeyds@fema.gov,172836115-X,283-308-9269,10/04/1982,3532180000000000.0
Nola,Speeks,nspeeksdt@cnbc.com,154189106-6,788-568-7412,11/09/1993,3530720000000000.0
Nicholle,Louis,nlouisdu@ucoz.com,091777985-1,527-259-2896,6/27/1996,30182800000000.0
Vinson,Andrelli,vandrellidv@ca.gov,690163103-0,917-830-5007,04/05/1990,6.70619e+16
Geralda,Kem,gkemdw@woothemes.com,350467356-7,621-330-1745,02/07/1987,5602240000000000.0
Hyatt,Minmagh,hminmaghdx@tiny.cc,358199215-9,453-442-7227,2/15/1999,3578580000000000.0
Quincy,Domanski,qdomanskidy@myspace.com,752603734-9,391-891-3220,6/22/1989,3567430000000000.0
Zak,Muttock,zmuttockdz@walmart.com,284668288-7,871-335-4167,08/02/1983,6376610000000000.0
Bibbye,Lambal,blambale0@cam.ac.uk,066508521-4,800-536-6173,05/02/1984,6331100000000000.0
Saxe,Pennrington,spennringtone1@go.com,291729991-6,535-239-0376,11/21/1982,374623000000000.0
Enrichetta,Oloman,eolomane2@cyberchimps.com,500957676-7,994-615-8331,09/10/1990,3569810000000000.0
Ricky,Ollerton,rollertone3@geocities.jp,290855554-9,317-678-5995,11/18/1998,3577820000000000.0
Marna,Coston,mcostone4@about.com,455560004-5,415-335-5849,02/01/1988,4405520000000000.0
Harley,Gain,hgaine5@bloglovin.com,386321724-1,767-602-0124,03/11/1988,3588830000000000.0
Essa,Chazelas,echazelase6@mit.edu,688405142-6,669-220-9306,9/29/1987,3549680000000000.0
Emmalynn,Deluze,edeluzee7@cpanel.net,558948503-7,220-829-9285,04/12/1980,3547540000000000.0
Hoyt,Gollin,hgolline8@nationalgeographic.com,356399319-X,104-338-0975,07/10/1991,6.33111e+18
Opal,McGoogan,omcgoogane9@ebay.co.uk,753426819-2,887-306-7555,02/10/1993,6.304e+16
Marline,Heisham,mheishamea@linkedin.com,029223909-2,615-380-5403,6/23/1985,3567340000000000.0
Gilberta,Durram,gdurrameb@fema.gov,562070301-0,243-342-5224,08/12/1988,30003100000000.0
Cyrill,Bramhill,cbramhillec@php.net,244456089-2,266-852-1127,5/24/1988,5602250000000000.0
Fanya,Pleasaunce,fpleasaunceed@sfgate.com,982721028-9,255-741-7137,04/06/1988,3576510000000000.0
Abbie,Di Dello,adidelloee@gizmodo.com,252013994-3,701-243-6841,11/22/1995,5108750000000000.0
Blair,Pole,bpoleef@com.com,630806602-8,710-277-4659,04/04/1989,3575550000000000.0
Ludwig,Logg,lloggeg@auda.org.au,350768379-2,421-986-7578,01/09/1983,337941000000000.0
Gilberte,Moorrud,gmoorrudeh@stumbleupon.com,089182095-7,299-753-1642,8/22/1991,4026950000000000.0
Wittie,Jarry,wjarryei@google.es,988390070-8,649-338-0164,4/20/1998,4913640000000000.0
Sofia,Whyley,swhyleyej@usnews.com,841752886-5,475-882-5836,9/17/1989,6.75908e+16
Rochelle,Ambrogioni,rambrogioniek@ibm.com,470765472-X,821-634-8196,7/28/1985,3529210000000000.0
Hermann,Postles,hpostlesel@topsy.com,238368381-7,623-628-3272,08/12/1987,30276800000000.0
Marla,Barehead,mbareheadem@comsenz.com,261707639-3,749-153-7438,8/24/1986,201631000000000.0
Juana,Hallward,jhallwarden@alexa.com,289786645-4,908-467-5372,09/09/1984,5602240000000000.0
Lori,Hinsche,lhinscheeo@baidu.com,061256589-0,149-339-9566,11/12/1986,5641820000000000.0
Emili,Saladino,esaladinoep@360.cn,461716640-8,123-960-7422,8/13/1987,3568710000000000.0
Devina,Hucquart,dhucquarteq@bbc.co.uk,400865672-3,368-923-0248,01/11/1984,6.30469e+16
Karney,Trematick,ktrematicker@lycos.com,940469088-0,798-489-1923,5/22/1988,3579420000000000.0
Dolf,Kobisch,dkobisches@biglobe.ne.jp,148130610-3,106-655-9628,10/20/1999,5100140000000000.0
Dorelle,Catling,dcatlinget@nymag.com,264978780-5,409-572-0747,04/05/1992,3581520000000000.0
Fleming,Hazzard,fhazzardeu@seesaa.net,355323102-5,805-333-5696,10/26/1984,3579240000000000.0
Tomas,Hendricks,thendricksev@webs.com,325378086-4,773-998-6279,1/13/1982,3537230000000000.0
Elia,Oldroyde,eoldroydeew@cbslocal.com,534373843-5,325-754-5937,7/19/1994,5048370000000000.0
Terri-jo,Watkin,twatkinex@multiply.com,594507130-7,693-269-7577,10/29/1996,342619000000000.0
Daron,Elt,deltey@meetup.com,423890536-9,488-801-8201,9/17/2000,6.7063e+17
Yettie,Thing,ythingez@squarespace.com,677597944-4,595-667-7540,3/15/1992,3531850000000000.0
Verena,Mackinder,vmackinderf0@upenn.edu,174959923-6,954-138-8027,09/11/1980,3538330000000000.0
Harmonie,Heaker,hheakerf1@hc360.com,524321929-0,611-789-0268,10/31/1993,3548070000000000.0
Selma,Peaddie,speaddief2@state.tx.us,017943282-6,863-191-3408,08/07/1983,372302000000000.0
Roze,Fountaine,rfountainef3@redcross.org,061881129-X,956-903-1564,11/22/1984,36645700000000.0
Perri,Noni,pnonif4@china.com.cn,963228614-6,378-894-3656,05/01/1997,3581360000000000.0
Dilly,Rowbottam,drowbottamf5@blogspot.com,560887827-2,791-492-4794,9/28/1980,36960700000000.0
Marissa,Motton,mmottonf6@imageshack.us,395647048-6,823-982-2679,9/22/1985,5.60224e+17
Brena,Fettes,bfettesf7@cdc.gov,635539468-0,343-819-5701,07/09/1989,6.7068e+18
Shelby,Airth,sairthf8@bing.com,927949020-6,398-387-4495,3/23/1980,3582860000000000.0
Dodi,Francie,dfrancief9@wisc.edu,821142209-3,194-808-0560,07/04/1993,5.64183e+18
Yasmeen,Winsley,ywinsleyfa@state.gov,537702267-X,438-448-4642,2/16/2000,5.60226e+16
Costanza,O'Carroll,cocarrollfb@liveinternet.ru,010606406-1,591-601-0441,8/19/2000,6771280000000000.0
Atlanta,Stranks,astranksfc@addthis.com,689709137-5,767-665-2590,4/22/1992,3556240000000000.0
Karney,Toyne,ktoynefd@wisc.edu,756555209-7,948-411-6699,03/04/1985,5100150000000000.0
Phillip,Helling,phellingfe@hatena.ne.jp,467943441-4,686-185-4417,12/23/1985,342863000000000.0
Verene,Panas,vpanasff@cafepress.com,029477627-3,192-150-1183,12/27/1993,3565520000000000.0
Eward,Morrice,emorricefg@vistaprint.com,904681830-6,255-619-4942,10/03/1991,6.33436e+18
Rayner,Dolman,rdolmanfh@list-manage.com,910473382-7,391-846-9066,3/28/2000,3530700000000000.0
Luce,Hellmore,lhellmorefi@nature.com,359955112-X,396-355-5862,05/02/1984,374288000000000.0
Ingrim,Pringour,ipringourfj@csmonitor.com,138996790-5,792-649-2024,02/03/1980,3529900000000000.0
Reinaldo,Tanby,rtanbyfk@cocolog-nifty.com,347632398-6,957-845-0302,03/08/1998,6381500000000000.0
Arlie,Goldfinch,agoldfinchfl@archive.org,492520634-6,777-569-8336,01/07/1998,4.93697e+18
Shayne,Blethyn,sblethynfm@umn.edu,014591059-8,244-167-8490,12/19/1981,3566020000000000.0
Lenci,Lampart,llampartfn@ucla.edu,875666246-7,658-872-3031,6/22/1995,4.91148e+17
Darcey,Springtorpe,dspringtorpefo@intel.com,263578239-3,521-348-8548,5/29/1991,6.30476e+17
Tuckie,Turton,tturtonfp@fastcompany.com,563207592-3,868-249-4925,9/24/1987,5.02085e+16
Gayle,Ashbe,gashbefq@unblog.fr,620136876-0,857-551-4426,7/31/1981,201969000000000.0
Matias,Jedrys,mjedrysfr@youtu.be,870063047-0,638-130-3313,8/13/1989,4.93624e+17
Frazier,Rhead,frheadfs@businesswire.com,016590447-X,686-579-1957,6/24/1993,6383140000000000.0
Norry,Warrack,nwarrackft@elpais.com,825458786-8,199-785-1375,5/25/1995,5448940000000000.0
Grace,Leitch,gleitchfu@booking.com,656363119-3,149-235-8013,03/05/1981,5387910000000000.0
Griffie,Yankishin,gyankishinfv@nytimes.com,952104965-0,160-192-4931,7/24/1995,5100140000000000.0
Bernie,Vignaux,bvignauxfw@psu.edu,732494949-5,971-623-1060,1/29/1983,374623000000000.0
Stafani,Tupman,stupmanfx@blogtalkradio.com,564720702-2,349-752-0319,8/16/1990,5602240000000000.0
Jedidiah,Pinnegar,jpinnegarfy@ocn.ne.jp,384282116-6,744-283-7241,12/27/1987,5048370000000000.0
Ediva,Erwin,eerwinfz@washingtonpost.com,038424146-8,757-595-7711,10/13/1999,5.61098e+16
Allayne,Yarnley,ayarnleyg0@soundcloud.com,401293407-4,993-131-4467,1/20/2000,5010120000000000.0
Merilyn,Curragh,mcurraghg1@wunderground.com,409559700-3,896-311-6788,03/01/1983,5007660000000000.0
Alisun,Nickerson,anickersong2@ted.com,487629409-7,787-142-2914,07/04/1980,3548990000000000.0
Creight,Peterken,cpeterkeng3@google.com,293636162-1,626-629-6794,10/31/1992,3586340000000000.0
Amandi,Gretham,agrethamg4@independent.co.uk,398418580-4,514-931-5697,02/02/1987,3542590000000000.0
Ben,Henworth,bhenworthg5@marriott.com,551685527-6,265-544-6071,6/30/1985,5.01804e+16
Gerty,Tonsley,gtonsleyg6@dyndns.org,536126187-4,353-224-7117,8/17/1994,30446400000000.0
Henryetta,Kinnar,hkinnarg7@netvibes.com,010261132-7,920-695-0008,02/02/1993,3572090000000000.0
Leslie,Chattelaine,lchattelaineg8@umn.edu,916181407-5,301-478-7711,02/03/1997,6.70989e+16
Gerald,Wigfield,gwigfieldg9@smugmug.com,685694013-0,763-105-8954,7/19/1985,4917170000000000.0
Adamo,Hartness,ahartnessga@addthis.com,927678120-X,333-178-9692,12/17/1991,4.90351e+18
Spencer,Bingley,sbingleygb@4shared.com,077128058-0,936-831-5645,9/26/1995,4041600000000000.0
Austin,Gawne,agawnegc@sun.com,213603082-5,996-368-9611,10/28/1995,6.76215e+17
Dewain,Grasner,dgrasnergd@google.co.jp,507897753-8,517-656-8682,12/15/1997,3533230000000000.0
Olly,Machan,omachange@nhs.uk,167978211-8,456-444-3120,7/21/2000,5108750000000000.0
Tymon,Ponsford,tponsfordgf@economist.com,724313441-6,963-669-9728,5/16/1992,3570060000000000.0
Findlay,Petroulis,fpetroulisgg@stumbleupon.com,480522731-1,266-897-2683,2/17/1995,5602220000000000.0
Lisbeth,Perring,lperringgh@economist.com,286364538-2,218-223-1573,6/15/1994,5002360000000000.0
Shelbi,Clough,scloughgi@is.gd,707147397-8,332-813-5574,11/10/1987,4508590000000000.0
Krissy,Castro,kcastrogj@domainmarket.com,708972292-9,450-871-2014,9/21/1991,4026530000000000.0
Tabby,Liepins,tliepinsgk@fastcompany.com,034697053-9,100-393-6144,5/18/1994,6.30415e+17
Opal,Hadny,ohadnygl@blog.com,740832439-9,102-501-3494,06/05/1982,5007660000000000.0
Archambault,Tout,atoutgm@i2i.jp,766952464-2,910-250-6052,8/28/1993,3570040000000000.0
Nataline,McKenny,nmckennygn@chronoengine.com,646893380-3,518-487-0352,10/20/1992,3536780000000000.0
Giraud,Millhill,gmillhillgo@soundcloud.com,599649843-X,705-466-9707,10/21/1982,6372220000000000.0
Garland,Wastall,gwastallgp@pagesperso-orange.fr,218577680-0,361-100-3182,6/16/1983,3583310000000000.0
Rosette,Seagood,rseagoodgq@hhs.gov,798481803-7,171-350-9331,3/30/1982,6395780000000000.0
Allix,Hazeldene,ahazeldenegr@github.io,099603421-8,255-389-9118,11/14/1988,4936660000000000.0
Glyn,Filipychev,gfilipychevgs@digg.com,787806962-X,380-824-1532,09/11/1990,3581460000000000.0
Ulises,Kneale,uknealegt@sphinn.com,615254183-2,266-905-4889,11/27/1985,4936610000000000.0
Happy,McRae,hmcraegu@4shared.com,234516054-3,801-440-3369,12/09/1999,5602220000000000.0
Ian,Kinnie,ikinniegv@fda.gov,479055867-3,319-960-1057,05/10/1980,3585240000000000.0
Eula,Brigham,ebrighamgw@imageshack.us,806002091-9,672-670-2312,12/15/1981,5538630000000000.0
Corenda,Rivaland,crivalandgx@rambler.ru,005462919-5,453-945-6905,05/01/1998,3535770000000000.0
Kristoforo,Leyborne,kleybornegy@webnode.com,864428119-4,630-380-3842,11/12/1995,5602230000000000.0
Mandie,Misson,mmissongz@example.com,750094412-8,342-994-1695,3/19/1988,3574030000000000.0
Korella,Itzkovich,kitzkovichh0@amazon.co.uk,163775334-9,380-838-8829,1/31/1987,3553390000000000.0
Nadiya,Franciottoi,nfranciottoih1@eventbrite.com,352958357-X,395-945-2271,11/26/1980,5602230000000000.0
Jordan,Bassil,jbassilh2@youtu.be,728274806-3,537-316-5392,10/19/1981,5602250000000000.0
Myrtice,Dwane,mdwaneh3@fotki.com,312462820-9,614-794-0665,4/24/1994,4041600000000.0
Emory,Woolatt,ewoolatth4@walmart.com,086051604-0,912-835-6489,11/03/1983,3556230000000000.0
Marc,Gasperi,mgasperih5@xrea.com,279783410-0,702-189-8661,6/21/1990,6.76176e+17
Emmalynne,Formilli,eformillih6@addthis.com,524291898-5,243-602-0524,06/01/1998,3576180000000000.0
Lolita,Lewnden,llewndenh7@indiegogo.com,229469718-9,681-698-0349,06/04/1997,3567470000000000.0
Lynnet,Hulks,lhulksh8@hud.gov,525399294-4,410-484-0298,12/02/1987,3529250000000000.0
Leta,Ainsby,lainsbyh9@ucoz.com,467436296-2,834-690-0142,11/29/1993,30423700000000.0
Dru,Grenshiels,dgrenshielsha@google.co.uk,236914705-9,233-682-4958,5/29/1996,3575640000000000.0
Meryl,Marklow,mmarklowhb@blogger.com,948560577-3,572-600-2086,07/05/1987,3543140000000000.0
Steffie,Vivien,svivienhc@theguardian.com,819240522-2,611-450-0242,2/26/1980,4913170000000000.0
Farr,Forgie,fforgiehd@mozilla.org,282760025-0,379-876-9855,6/18/1998,374288000000000.0
Gearard,Bails,gbailshe@google.com,637875506-X,205-475-6193,3/22/1987,3584350000000000.0
Dacy,Hedin,dhedinhf@yahoo.co.jp,460135312-2,164-383-8683,9/27/1982,6.33376e+18
Briney,Schust,bschusthg@cbc.ca,102228215-8,642-129-2832,3/21/1990,374284000000000.0
Felicle,Deal,fdealhh@ebay.com,398527470-3,918-501-8872,2/16/1980,5602250000000000.0
Lindsey,Gilardengo,lgilardengohi@bizjournals.com,090264522-6,864-750-2812,02/05/1987,30303900000000.0
Lacey,Dyball,ldyballhj@alexa.com,763265395-3,670-373-6299,01/12/1989,3584040000000000.0
Ardeen,Glenister,aglenisterhk@webmd.com,528780543-8,961-409-4348,8/21/1987,3586780000000000.0
Jackelyn,Le Gallo,jlegallohl@nymag.com,973485400-3,677-394-7087,11/26/1984,3535390000000000.0
Shandeigh,Batters,sbattershm@weibo.com,137907460-6,830-721-3988,07/06/1995,3543190000000000.0
Cassie,Lionel,clionelhn@whitehouse.gov,785629099-4,505-946-2085,3/23/1986,3546080000000000.0
Eadith,Calfe,ecalfeho@github.io,264103001-2,418-873-6289,3/22/1990,30039600000000.0
Jsandye,Meachem,jmeachemhp@nasa.gov,262436135-9,520-672-1201,08/09/1990,3585250000000000.0
Massimo,Nulty,mnultyhq@google.it,211795624-6,108-864-6484,12/09/1987,3558400000000000.0
Christi,Courtier,ccourtierhr@dropbox.com,801881221-7,511-911-5217,5/20/1986,3561830000000000.0
Pauli,Nicol,pnicolhs@last.fm,395788323-7,356-219-4779,7/20/1985,5108760000000000.0
Philip,Strover,pstroverht@liveinternet.ru,700957736-6,449-627-2597,03/05/1980,6.70624e+16
Tommie,Eayrs,teayrshu@dailymail.co.uk,343001832-3,142-747-9817,9/21/1986,5602250000000000.0
Jasmina,Meneur,jmeneurhv@privacy.gov.au,116799375-6,470-505-1093,11/15/1999,3571370000000000.0
Gina,Larrie,glarriehw@engadget.com,090043063-X,940-877-3176,10/02/1993,4508930000000000.0
Cleve,Della Scala,cdellascalahx@wufoo.com,882002451-9,516-613-6198,08/07/1982,5.60222e+17
Anton,Tomkinson,atomkinsonhy@ycombinator.com,000528741-3,157-557-0626,8/23/1990,3532550000000000.0
Whitney,Smeeton,wsmeetonhz@w3.org,406228730-7,731-342-5662,11/30/1989,5641820000000000.0
Nanine,Leason,nleasoni0@nsw.gov.au,113176264-9,848-324-0545,03/04/1986,5602240000000000.0
Derry,Redparth,dredparthi1@mit.edu,160145505-4,698-920-1239,12/10/1979,4.90572e+17
Hurleigh,Baskeyfied,hbaskeyfiedi2@goo.gl,757528679-9,533-817-3715,10/23/1992,36416300000000.0
Sabrina,Hourahan,shourahani3@wikimedia.org,005846876-5,214-704-6797,11/05/1980,4905120000000000.0
Marillin,Caccavella,mcaccavellai4@vimeo.com,835015746-1,896-861-5024,04/08/1999,3541390000000000.0
Priscilla,Mitchley,pmitchleyi5@bloglovin.com,843880026-2,864-634-9853,9/23/1987,341525000000000.0
Irvine,Foulis,ifoulisi6@barnesandnoble.com,477541009-1,187-549-3967,1/19/1995,372302000000000.0
Alfie,Klaggeman,aklaggemani7@marriott.com,623402124-7,736-716-3266,03/02/1988,3589260000000000.0
Verna,Massenhove,vmassenhovei8@webs.com,857535787-5,486-684-8938,2/27/1991,3537840000000000.0
Adena,McDuff,amcduffi9@howstuffworks.com,041847089-8,690-714-6376,09/09/1997,6.76793e+17
Winslow,Sandwich,wsandwichia@yolasite.com,618928291-1,317-985-7077,2/17/1992,3567030000000000.0
Zuzana,Klimontovich,zklimontovichib@trellian.com,430102875-7,892-783-7347,04/11/1986,30532400000000.0
Nathalia,Umfrey,numfreyic@intel.com,080526645-3,710-176-0208,1/19/1980,4175010000000000.0
Anastasia,Saby,asabyid@slashdot.org,054498742-X,804-972-7654,12/05/1988,3573640000000000.0
Venus,Strangeway,vstrangewayie@cnbc.com,096861986-X,811-148-9220,12/19/1995,3569000000000000.0
Aron,McSporrin,amcsporrinif@linkedin.com,976434577-8,984-519-4530,11/26/1988,3545850000000000.0
Zebadiah,Bartleman,zbartlemanig@howstuffworks.com,958221381-7,548-998-1670,12/11/1983,3579610000000000.0
Nicky,Tarbath,ntarbathih@unesco.org,559974067-6,443-764-4380,07/09/1983,5.60224e+16
Erika,Longstaff,elongstaffii@netvibes.com,134610300-3,642-450-5992,4/16/2000,3550040000000000.0
Sylvan,Semark,ssemarkij@wikispaces.com,116963280-7,311-734-1965,10/02/1996,372301000000000.0
Kiley,Tossell,ktossellik@smugmug.com,477232882-3,569-854-3071,5/22/1999,30269000000000.0
Culley,Blything,cblythingil@psu.edu,284275418-2,145-261-9768,9/14/1981,3553510000000000.0
Audy,Campbell-Dunlop,acampbelldunlopim@ask.com,237606887-8,373-353-5441,6/27/1995,3570260000000000.0
Karel,Cullingford,kcullingfordin@tamu.edu,603031580-3,906-908-8750,09/09/1998,5203240000000000.0
Petrina,Skelding,pskeldingio@europa.eu,775706942-4,128-404-8981,11/27/1994,3586730000000000.0
Rosalynd,Sickamore,rsickamoreip@cam.ac.uk,827240577-6,519-165-8447,10/20/1990,3537080000000000.0
Giff,Yeandel,gyeandeliq@vkontakte.ru,502459704-4,317-705-4824,3/21/1999,3568410000000000.0
Andreana,Pegg,apeggir@purevolume.com,508666761-5,144-582-0473,9/22/1980,5610440000000000.0
Arty,Pope,apopeis@tinypic.com,467374258-3,394-284-6095,7/25/1996,4041590000000000.0
Fransisco,Brolly,fbrollyit@ibm.com,126261635-2,501-416-4131,4/26/1994,30030700000000.0
Bendix,Laxen,blaxeniu@yahoo.com,757005045-2,691-520-7604,12/26/1983,5.60224e+17
Wadsworth,Frays,wfraysiv@purevolume.com,412391794-1,933-944-3205,01/02/1985,3559400000000000.0
Benedikta,Klimontovich,bklimontovichiw@surveymonkey.com,337901535-0,754-628-1330,12/08/1991,5100140000000000.0
Jonis,Pieracci,jpieracciix@addthis.com,743474304-2,623-419-6130,07/10/1984,3557230000000000.0
Winfield,Vasovic,wvasoviciy@statcounter.com,715286276-1,695-536-2545,6/26/1999,3585570000000000.0
Adolphe,Pettiford,apettifordiz@prweb.com,059074086-5,577-753-3220,1/26/1984,30239900000000.0
Muffin,Hiley,mhileyj0@jugem.jp,778980762-5,409-722-6145,03/10/1980,3589550000000000.0
Corrina,Headan,cheadanj1@opera.com,735360662-2,988-489-5883,4/17/1986,3528530000000000.0
Melonie,Cozby,mcozbyj2@networksolutions.com,091077277-0,517-948-3947,9/14/1984,30100800000000.0
Brandy,Klee,bkleej3@yelp.com,884536463-1,443-515-5794,4/24/2000,5100140000000000.0
Lydie,Mogie,lmogiej4@last.fm,315114691-0,571-737-1842,02/11/1996,3574880000000000.0
Carrissa,Hughson,chughsonj5@illinois.edu,978027409-X,477-382-6179,11/18/1984,3582310000000000.0
Mile,Scholler,mschollerj6@booking.com,393160579-5,716-377-5653,8/29/1992,374288000000000.0
Zachary,Hayth,zhaythj7@friendfeed.com,074441587-X,218-313-8304,10/25/1991,3573190000000000.0
Sari,Andrusov,sandrusovj8@twitter.com,173840590-7,522-184-6135,2/24/1984,5007660000000000.0
Clarice,Guttridge,cguttridgej9@elpais.com,523275109-3,195-267-9952,6/24/2000,36206900000000.0
Tiphanie,Currall,tcurrallja@spotify.com,162820817-1,763-538-3955,1/23/1984,6709090000000000.0
Joye,Dawbery,jdawberyjb@mozilla.com,215322531-0,761-530-6465,4/20/1993,3541270000000000.0
Gregorius,Acreman,gacremanjc@twitter.com,938284815-0,515-588-9648,9/27/1997,3584330000000000.0
Meir,Romagnosi,mromagnosijd@123-reg.co.uk,200937611-0,621-456-6170,12/27/1982,4041590000000000.0
Artemus,Suthworth,asuthworthje@t-online.de,830728794-4,648-820-8358,7/28/1983,3531370000000000.0
Myca,Regitz,mregitzjf@com.com,789537953-4,477-359-9414,10/05/1994,374289000000000.0
Gayel,Munden,gmundenjg@ocn.ne.jp,851518584-9,380-621-5596,6/21/1991,3565310000000000.0
Booth,Loges,blogesjh@google.com.hk,069123022-6,641-495-0292,1/28/1980,3582910000000000.0
Stirling,Mc Queen,smcqueenji@whitehouse.gov,078297606-9,804-786-4193,9/26/1980,3558560000000000.0
Cecilio,Dudlestone,cdudlestonejj@dailymail.co.uk,912403778-8,879-758-9360,8/19/1988,4376430000000000.0
Raff,Buddell,rbuddelljk@parallels.com,089215231-1,751-934-0146,2/14/1994,3539880000000000.0
Danielle,Castelluzzi,dcastelluzzijl@cnet.com,867931722-5,366-551-5663,1/15/1999,3552280000000000.0
Lombard,Fominov,lfominovjm@slashdot.org,712579445-9,328-482-4448,11/06/1998,5.60222e+16
Brenn,Bolduc,bbolducjn@1688.com,765250684-0,481-445-0136,05/06/1986,201778000000000.0
Lamar,Tizzard,ltizzardjo@tmall.com,542434517-4,535-151-5789,3/15/1988,5100140000000000.0
Ulla,Swann,uswannjp@tinypic.com,631337007-4,880-195-7650,1/21/1992,3538930000000000.0
Scotti,Teodoro,steodorojq@disqus.com,378419304-8,852-778-4500,08/11/1992,3586650000000000.0
Mela,Brandel,mbrandeljr@bloglines.com,131137967-3,890-705-7506,4/28/2000,3550440000000000.0
Candra,Speenden,cspeendenjs@reddit.com,919615160-9,367-933-6616,6/23/1984,3550830000000000.0
Charline,Bruhnke,cbruhnkejt@slate.com,697970716-7,332-961-5393,10/27/1993,3587630000000000.0
Tabor,Ranshaw,transhawju@npr.org,688569654-4,796-899-8679,01/03/1991,343041000000000.0
Idell,Itzchaki,iitzchakijv@tiny.cc,746097901-5,371-661-3585,2/14/1997,30121100000000.0
Dalton,Du Fray,ddufrayjw@msn.com,957057264-7,995-582-2663,12/27/1988,201766000000000.0
Marti,Libbey,mlibbeyjx@sphinn.com,407093250-X,798-891-3304,06/09/1990,3562630000000000.0
See,Phizacklea,sphizackleajy@canalblog.com,400528972-X,368-104-2441,1/21/1981,4508010000000000.0
Elton,Lafontaine,elafontainejz@reverbnation.com,285320072-8,383-670-1806,9/17/1984,372302000000000.0
Jeniffer,Sturdgess,jsturdgessk0@merriam-webster.com,095272385-9,705-844-5120,3/31/1981,3582370000000000.0
Barb,Ailward,bailwardk1@feedburner.com,124082362-2,311-570-5974,1/20/1990,3556250000000000.0
Hildy,Durward,hdurwardk2@europa.eu,081902208-X,654-358-8471,4/26/1985,5438050000000000.0
Barbe,Varnham,bvarnhamk3@unesco.org,779843852-1,976-205-3026,03/11/1988,5048370000000000.0
Daven,Phlipon,dphliponk4@bloomberg.com,241884054-9,309-128-6840,5/28/2000,3551330000000000.0
Law,Giovannoni,lgiovannonik5@quantcast.com,524477717-3,424-882-3246,6/17/1995,30235200000000.0
Cornie,Bligh,cblighk6@sphinn.com,025650262-5,920-970-7741,8/26/1991,5.03888e+16
Lloyd,Morch,lmorchk7@pcworld.com,728285551-X,635-853-7490,10/19/1982,5.60226e+18
Bernadene,Butchart,bbutchartk8@nature.com,963120216-X,129-684-4788,8/29/2000,5476920000000000.0
Dacia,Pancast,dpancastk9@google.com.au,863073265-2,333-239-8338,10/02/1999,5.60221e+17
Trix,Spottiswoode,tspottiswoodeka@bigcartel.com,404705043-1,397-389-6299,11/20/1982,30466200000000.0
Gray,Buzek,gbuzekkb@chronoengine.com,260573923-6,716-802-1265,2/23/1991,5.60225e+17
Morna,Cud,mcudkc@comcast.net,770137248-2,109-804-9972,5/25/1989,374283000000000.0
Marius,Jendas,mjendaskd@sitemeter.com,356573859-6,310-581-2313,3/30/1991,6.76212e+18
Kerry,Clapshaw,kclapshawke@answers.com,130580498-8,410-670-1721,08/12/1999,3566970000000000.0
Wayland,Josefs,wjosefskf@businessinsider.com,888962886-3,914-927-2114,4/14/2000,3540550000000000.0
Ara,Lambe,alambekg@cbsnews.com,672235553-5,546-228-5050,11/10/1987,30355200000000.0
Minetta,Meynell,mmeynellkh@macromedia.com,625165732-4,993-289-1389,7/16/1998,6304340000000000.0
Findlay,Kerford,fkerfordki@slideshare.net,722626792-6,175-120-8393,3/22/1987,3530020000000000.0
Terrell,Kristiansen,tkristiansenkj@narod.ru,977423550-9,184-626-2352,01/08/1998,3569230000000000.0
Cris,Haddy,chaddykk@youtube.com,695984711-7,254-308-2480,5/19/2000,3571400000000000.0
Berkley,Mattingson,bmattingsonkl@google.pl,291047403-8,904-638-1208,11/30/1999,3573890000000000.0
Petronilla,Pavey,ppaveykm@sogou.com,525225477-X,702-363-3527,2/20/1997,4.91115e+17
Tiebold,Yellowlees,tyellowleeskn@accuweather.com,992463422-5,554-248-2166,4/16/1995,3578870000000000.0
Goldina,Mulvany,gmulvanyko@wisc.edu,498368186-8,540-829-8485,06/03/1996,5466300000000000.0
Marylou,Tigner,mtignerkp@sciencedirect.com,813714097-2,501-597-2828,2/25/1998,3532310000000000.0
Emlynn,Aveyard,eaveyardkq@example.com,898387541-0,397-763-7956,05/10/1999,6706490000000000.0
Inglebert,Tinto,itintokr@prlog.org,234464721-X,587-711-5480,8/28/1992,3582220000000000.0
Annabella,Decruse,adecruseks@hhs.gov,316310813-X,925-360-1051,2/13/1993,3553370000000000.0
Ryley,Batsford,rbatsfordkt@cnbc.com,122611092-4,116-992-7896,01/12/1984,6397040000000000.0
Alanson,Vogl,avoglku@google.ca,249352331-8,532-518-3359,03/08/1997,6.76736e+18
Budd,Wabey,bwabeykv@amazonaws.com,877894824-X,767-382-7669,6/24/1987,374283000000000.0
Adora,Quinet,aquinetkw@gmpg.org,778802806-1,995-503-2141,05/01/2000,5602260000000000.0
Lucas,Idle,lidlekx@epa.gov,774417840-8,169-577-5059,3/16/1988,3530610000000000.0
Errol,Dorrian,edorrianky@purevolume.com,713940568-9,953-473-4947,6/29/1990,3579480000000000.0
Marne,Alibone,malibonekz@unicef.org,392693821-8,232-690-3945,05/06/1986,30535100000000.0
Osborn,Laydon,olaydonl0@etsy.com,055054953-6,385-358-5757,4/14/1994,3531780000000000.0
Mortimer,Muzzlewhite,mmuzzlewhitel1@google.com.br,771505185-3,641-392-9651,3/21/1993,3583700000000000.0
Eustacia,Skule,eskulel2@edublogs.org,508764143-1,641-411-5346,3/17/1997,4911470000000000.0
Kira,Benge,kbengel3@google.com.hk,319485075-X,497-329-0668,10/24/1988,30223400000000.0
Ludwig,Tilliard,ltilliardl4@salon.com,004343187-9,577-792-9649,07/07/1994,5610510000000000.0
Winifield,Moreman,wmoremanl5@reddit.com,314047144-0,392-178-3329,7/25/1983,6709250000000000.0
Lucina,Lerwill,llerwilll6@nba.com,451432983-5,493-768-2324,3/31/1983,4.93684e+18
Trey,Pepler,tpeplerl7@pbs.org,172383048-8,968-906-5927,10/15/1991,6381180000000000.0
Skell,Yerbury,syerburyl8@so-net.ne.jp,864337891-7,238-226-8472,09/01/1985,3562360000000000.0
Mellie,Edwins,medwinsl9@prlog.org,333465248-3,543-864-9376,04/05/1981,5100140000000000.0
Merola,Cowey,mcoweyla@state.tx.us,851668135-1,646-611-5146,11/28/1995,5.60225e+18
Mariya,Stormouth,mstormouthlb@google.com,917012623-2,672-589-3483,2/20/1985,5602230000000000.0
Phedra,Officer,pofficerlc@com.com,398737635-X,202-343-7602,06/02/1990,5602260000000000.0
Arron,Trembley,atrembleyld@symantec.com,132934963-6,719-668-3912,09/07/1993,3532210000000000.0
Grant,De Andreis,gdeandreisle@altervista.org,008747051-9,259-919-2822,6/16/1997,3557080000000000.0
Babita,Ackenhead,backenheadlf@domainmarket.com,696603543-2,930-599-3244,05/05/1997,30233400000000.0
Garrard,Playfair,gplayfairlg@360.cn,414624232-0,970-861-9860,02/11/1984,4405720000000000.0
Sophie,Arthey,sartheylh@blogs.com,088191330-8,385-389-0983,5/20/1986,5602210000000000.0
Khalil,Mapplethorpe,kmapplethorpeli@blogspot.com,638381714-0,467-548-8654,7/23/1987,5.60223e+16
Sigismundo,Kopke,skopkelj@google.pl,791650834-6,912-323-5195,9/27/1984,3575750000000000.0
Blondie,Ropcke,bropckelk@arstechnica.com,078944006-7,516-981-7353,04/09/1995,3542480000000000.0
Krisha,Hildred,khildredll@privacy.gov.au,357714875-6,542-266-1038,6/23/1985,5.60222e+17
Rabi,Aluard,raluardlm@tumblr.com,539411769-1,337-266-1561,05/11/1989,5461500000000000.0
Ephrayim,Linden,elindenln@craigslist.org,975276310-3,844-214-9229,3/19/1987,3582230000000000.0
Johnath,Osborn,josbornlo@jiathis.com,494360414-5,376-953-8315,4/16/1998,5602240000000000.0
Bernardine,Baline,bbalinelp@gizmodo.com,064424243-4,726-623-8318,04/12/2000,3554150000000000.0
Pauletta,Purdie,ppurdielq@businessinsider.com,787622232-3,201-430-7748,2/27/1999,5602220000000000.0
Shannon,Hawken,shawkenlr@themeforest.net,797222648-2,469-512-6921,11/25/1998,5.64183e+18
Denny,Merioth,dmeriothls@stumbleupon.com,605560577-5,841-221-7701,11/02/1982,3581130000000000.0
Orel,Headly,oheadlylt@netscape.com,398743036-2,576-170-8220,11/06/1998,5.60222e+17
Addy,Milbourn,amilbournlu@cbc.ca,347728264-7,700-231-8622,10/23/1985,372356000000000.0
Vaughan,Figg,vfigglv@huffingtonpost.com,769681399-4,524-358-3745,08/03/2000,3573980000000000.0
Noella,Arbuckel,narbuckellw@facebook.com,747182630-4,803-547-8436,11/04/1990,3580390000000000.0
Llewellyn,Carruthers,lcarrutherslx@nps.gov,842623334-1,498-374-8420,08/04/1995,3574430000000000.0
Conant,Neil,cneilly@chronoengine.com,624654439-8,439-141-8616,1/15/2000,6.76296e+17
Christalle,Spaxman,cspaxmanlz@gizmodo.com,877524887-5,403-215-3319,12/29/1998,3584900000000000.0
Antonella,Abramamovh,aabramamovhm0@java.com,078057371-4,137-960-6232,06/03/1999,5.03853e+16
Geoff,Ruddy,gruddym1@addtoany.com,015192271-3,844-759-0356,5/15/1987,3553490000000000.0
Paula,Cypler,pcyplerm2@amazon.co.uk,912185018-6,335-255-8325,05/11/1984,3562500000000000.0
Curry,Goodlett,cgoodlettm3@tamu.edu,630404399-6,398-217-4428,9/24/1980,3584780000000000.0
Riannon,Mandry,rmandrym4@europa.eu,672543580-7,419-439-1969,07/07/1993,5602240000000000.0
Ashbey,Mutton,amuttonm5@ask.com,923001300-5,568-864-2584,6/15/1998,4026790000000000.0
Devora,Mullin,dmullinm6@youtube.com,873640602-3,520-897-7806,1/25/1994,5262350000000000.0
Robina,Bridie,rbridiem7@youtube.com,901563568-4,553-705-4975,09/06/1981,5.89319e+18
Penny,Erington,peringtonm8@hubpages.com,668824428-4,893-127-6621,2/13/1996,3539960000000000.0
Tami,Jahner,tjahnerm9@github.com,666835714-8,517-783-7854,09/04/1995,5524740000000000.0
Coral,Semiras,csemirasma@ebay.com,559359114-8,587-739-4569,8/15/1986,3538210000000000.0
Boonie,Sutherley,bsutherleymb@omniture.com,115779654-0,249-940-2248,10/06/1981,3529950000000000.0
Indira,Betham,ibethammc@cornell.edu,440707818-9,844-748-2344,03/08/1987,30273400000000.0
Malchy,Silvers,msilversmd@china.com.cn,944546302-1,131-949-0802,10/03/1990,5602260000000000.0
Thomasa,Gozzard,tgozzardme@nifty.com,827100760-2,985-389-1679,9/15/1987,3546140000000000.0
Anica,Riddles,ariddlesmf@phpbb.com,157135572-3,541-252-5260,03/03/1998,3554410000000000.0
Janina,Milberry,jmilberrymg@yelp.com,343835814-X,933-458-5860,09/05/1992,5.01817e+17
Berkie,Ruhben,bruhbenmh@wufoo.com,021796275-0,363-629-2891,12/11/1991,6767940000000000.0
Vinnie,Hawley,vhawleymi@tripadvisor.com,787909202-1,419-635-7876,6/18/1984,201799000000000.0
Kincaid,Inchcomb,kinchcombmj@posterous.com,826652960-4,499-132-1755,6/13/1996,4913920000000000.0
Cindra,Tudgay,ctudgaymk@nyu.edu,303930642-1,290-137-7934,03/01/2000,5455690000000000.0
Ashton,Balderstone,abalderstoneml@exblog.jp,036571924-2,127-967-9804,01/12/1983,3581250000000000.0
Stefan,Vellacott,svellacottmm@hp.com,038977704-8,578-597-9643,1/19/1991,5602250000000000.0
Carolan,McPeice,cmcpeicemn@hatena.ne.jp,952473190-8,724-698-5698,05/07/1982,30419800000000.0
Shelby,Stollberg,sstollbergmo@booking.com,903618436-3,348-609-6072,5/22/1993,4405790000000000.0
Beth,Caush,bcaushmp@ucoz.ru,714246169-1,301-220-7698,10/12/1988,3551840000000000.0
Betti,Fellos,bfellosmq@nba.com,656690137-X,357-757-3113,1/15/1985,201450000000000.0
Norine,Paddock,npaddockmr@eventbrite.com,401983257-9,934-419-2242,12/21/1990,3543980000000000.0
Donica,Tuison,dtuisonms@washingtonpost.com,063109871-2,722-252-1513,7/16/1986,36440500000000.0
Sandro,Sigward,ssigwardmt@telegraph.co.uk,725723136-2,501-552-6526,8/24/1992,3536220000000000.0
Cristin,Ghilardini,cghilardinimu@seesaa.net,461410070-8,312-397-8259,12/08/1996,3554860000000000.0
Glennie,Roarty,groartymv@yelp.com,146160580-6,552-613-9603,1/31/1988,374289000000000.0
Gustave,Arkow,garkowmw@blogspot.com,915665535-5,259-868-2714,04/09/1988,5048380000000000.0
Aimee,Eyree,aeyreemx@nytimes.com,201904210-X,917-731-7523,5/31/1996,6.76319e+17
Arabella,Swindall,aswindallmy@wisc.edu,793099392-2,501-801-2084,10/05/1980,4844000000000000.0
Jameson,Greenfield,jgreenfieldmz@paginegialle.it,526390436-3,813-441-4832,02/05/1996,3538930000000000.0
Abigale,Bonnar,abonnarn0@yolasite.com,426128288-7,481-518-9536,11/16/1984,6.76199e+18
Rois,McFarlan,rmcfarlann1@hp.com,976594073-4,815-489-9194,11/30/1994,3589720000000000.0
Silvan,Huskinson,shuskinsonn2@yellowpages.com,469378190-8,723-715-7198,5/18/1980,6334450000000000.0
Casey,Hannaby,channabyn3@ezinearticles.com,269539618-X,699-784-4743,12/27/1990,3566540000000000.0
Samantha,Beauchop,sbeauchopn4@feedburner.com,406303921-8,275-893-0069,11/08/1988,6304920000000000.0
Brandtr,Haggart,bhaggartn5@aboutads.info,521460101-8,236-692-5954,1/23/1984,6759060000000000.0
Drew,Baulk,dbaulkn6@seattletimes.com,360730442-4,603-549-9331,02/07/1994,6759320000000000.0
Percival,Longega,plongegan7@hao123.com,574848915-5,950-987-9219,03/10/1989,5.02007e+17
Noel,MacMoyer,nmacmoyern8@yelp.com,037917318-2,912-552-8326,5/23/1986,3555880000000000.0
Mylo,Castillo,mcastillon9@comsenz.com,922129761-6,525-752-7592,9/14/1982,6.7632e+18
Nettle,Rioch,nriochna@miitbeian.gov.cn,229489450-2,797-198-1151,7/24/1993,3544370000000000.0
Edita,Pumfrett,epumfrettnb@forbes.com,908549948-8,863-295-0998,8/21/1985,201456000000000.0
Moreen,Ambrosch,mambroschnc@cnn.com,538253527-2,691-505-7273,9/23/1994,4026270000000000.0
Marinna,Nurden,mnurdennd@homestead.com,468747608-2,896-452-6552,10/08/1995,6.33485e+17
Carrissa,Brettelle,cbrettellene@hc360.com,568130823-5,862-534-3999,10/05/1991,5610520000000000.0
Olive,Copin,ocopinnf@mapy.cz,890627516-1,214-806-2783,11/10/1993,4026640000000000.0
Margy,Jennions,mjennionsng@reuters.com,928858956-2,485-595-4054,04/03/1986,5199050000000000.0
Gloriane,Riddett,griddettnh@plala.or.jp,472546351-5,808-947-4463,7/23/1982,201956000000000.0
Avivah,Theaker,atheakerni@oaic.gov.au,817878359-2,859-779-5649,01/08/1988,3546780000000000.0
Rod,Bissiker,rbissikernj@jiathis.com,488633888-7,445-674-5024,6/27/1984,6.76777e+18
Jaye,Alsobrook,jalsobrooknk@joomla.org,314580461-8,987-734-6860,08/10/2000,5435990000000000.0
Kris,Terrell,kterrellnl@friendfeed.com,304560922-8,750-130-3600,02/12/1984,3553650000000000.0
Lira,Boyen,lboyennm@spotify.com,548545203-5,936-812-4152,01/08/1989,6.76135e+16
Sanford,Blackhall,sblackhallnn@com.com,177307936-0,449-961-2130,12/04/1983,5.60225e+17
Lexine,Matanin,lmataninno@newyorker.com,403637912-7,948-437-2744,3/30/1984,6.70903e+17
Ransom,Glavias,rglaviasnp@google.de,999685652-6,196-187-2398,04/11/1995,5.03884e+17
Arabella,Steven,astevennq@microsoft.com,479666309-6,500-172-9036,04/05/1988,5234780000000000.0
Rahel,Matkovic,rmatkovicnr@tinyurl.com,849782856-9,617-900-6779,1/13/1988,3575550000000000.0
Ernesto,Geering,egeeringns@istockphoto.com,069794487-5,313-295-6471,05/02/1988,3542810000000000.0
Tallie,Ducket,tducketnt@diigo.com,955282477-X,567-133-6040,04/04/1989,3588350000000000.0
Nadine,Garrit,ngarritnu@netscape.com,547297369-4,993-477-8871,05/09/1996,3553040000000000.0
Sylvester,de Broke,sdebrokenv@joomla.org,863658669-0,646-122-1232,09/11/1995,36124400000000.0
Ferd,Hensmans,fhensmansnw@biblegateway.com,776891887-8,734-631-4758,11/05/1990,30388000000000.0
Bell,Fetherstan,bfetherstannx@berkeley.edu,449619278-0,893-834-2499,09/01/1996,5466880000000000.0
Wilton,O'Noulane,wonoulaneny@sitemeter.com,240167244-3,394-707-8997,1/20/1985,3542570000000000.0
Gretal,Reddyhoff,greddyhoffnz@a8.net,483731099-0,293-337-2937,10/24/1998,3565880000000000.0
Killie,Boshers,kbosherso0@senate.gov,708018958-6,290-941-7526,4/17/1998,3575110000000000.0
Anatol,Evenden,aevendeno1@springer.com,703256217-5,346-135-6808,03/08/1998,374289000000000.0
Judith,Menary,jmenaryo2@china.com.cn,694767659-2,717-407-1449,02/02/1984,3533290000000000.0
Hersch,Pach,hpacho3@photobucket.com,681934533-X,813-722-1967,1/23/1987,6759250000000000.0
Kirstyn,Suatt,ksuatto4@qq.com,323958318-6,913-285-1268,11/20/1985,6.33328e+17
Camilla,Whitby,cwhitbyo5@twitpic.com,373726586-0,931-695-5021,7/27/1991,4.9368e+18
Bunnie,MacGaughy,bmacgaughyo6@skyrock.com,613530754-1,881-129-3934,3/24/1986,4026360000000000.0
Rosella,Varian,rvariano7@artisteer.com,277757740-4,887-754-4930,01/11/1985,3581340000000000.0
Ervin,McPartling,emcpartlingo8@princeton.edu,064584212-5,721-516-1823,12/05/1984,30428700000000.0
Ezequiel,Ricket,ericketo9@youtu.be,387252545-X,113-132-3323,2/22/1999,3581590000000000.0
Fraser,Ruppert,fruppertoa@g.co,000541171-8,581-573-2689,08/05/1997,5048370000000000.0
Shelton,Wiley,swileyob@salon.com,689765527-9,872-254-3345,8/23/1983,4041380000000000.0
Denna,Vear,dvearoc@google.nl,837397607-8,967-615-7357,9/29/1989,5204480000000000.0
Caleb,Levi,cleviod@alibaba.com,182330435-4,933-258-7499,11/06/2000,3559390000000000.0
Paul,Malpass,pmalpassoe@sitemeter.com,726766366-4,558-139-6011,07/06/1992,4.9051e+18
Louisa,Kerton,lkertonof@freewebs.com,613418785-2,315-195-8455,02/06/1995,6762440000000000.0
Elsey,Vedenisov,evedenisovog@discuz.net,472631906-X,727-377-5495,09/10/1981,3544800000000000.0
Reinold,Underdown,runderdownoh@barnesandnoble.com,218531097-6,641-654-6958,3/25/1990,3555300000000000.0
Camey,Surridge,csurridgeoi@mail.ru,568792823-5,816-843-7883,07/02/1988,3545950000000000.0
Rosamond,Layburn,rlayburnoj@blinklist.com,481319721-3,485-758-9713,05/01/1992,3587220000000000.0
Elwin,Bramont,ebramontok@ehow.com,585175578-4,314-821-9981,7/16/1984,3545320000000000.0
Judas,Bewshea,jbewsheaol@jalbum.net,033365074-3,572-462-8923,05/09/1990,6.7716e+17
Emlynn,Yule,eyuleom@bbc.co.uk,841427462-5,595-759-0715,04/02/1993,3587300000000000.0
Stern,Crate,scrateon@wired.com,860655969-5,809-730-1278,11/20/1986,3586730000000000.0
Dawn,Phlippi,dphlippioo@archive.org,205217554-7,925-186-6475,04/04/1998,6759460000000000.0
Paddy,Gilligan,pgilliganop@nba.com,238338141-1,599-213-5921,08/04/1996,5520360000000000.0
Stern,Tolumello,stolumellooq@google.it,382106482-X,704-260-2340,08/09/1981,3547810000000000.0
Melisse,Boam,mboamor@addtoany.com,596480179-X,908-358-6790,04/01/1982,5602230000000000.0
Markos,Cromie,mcromieos@constantcontact.com,670303491-5,854-762-9185,02/01/1988,3554390000000000.0
Katya,Swanwick,kswanwickot@photobucket.com,039221875-5,103-441-4402,12/12/1995,4017950000000000.0
Shane,Smedmore,ssmedmoreou@mtv.com,125506696-2,447-869-9190,02/08/1986,6.77189e+16
Reena,Clell,rclellov@omniture.com,110101106-8,718-171-0202,11/17/1999,3586290000000000.0
Aleda,Starkey,astarkeyow@squidoo.com,760959525-X,766-482-2304,4/23/1993,3588560000000000.0
Johna,Sarsons,jsarsonsox@bizjournals.com,943066027-6,745-966-4136,03/10/1988,5002360000000000.0
Carmen,Kyndred,ckyndredoy@smugmug.com,850904107-5,846-342-0088,11/05/1989,3577260000000000.0
Waite,Crielly,wcriellyoz@nyu.edu,648478994-0,786-401-3108,9/22/1989,5.60223e+18
Emmaline,Altoft,ealtoftp0@mediafire.com,004926476-1,332-411-9923,05/11/1996,3542310000000000.0
Bjorn,Valentin,bvalentinp1@webnode.com,777470392-6,850-911-8684,12/26/1991,3553710000000000.0
Alden,Liddard,aliddardp2@tinypic.com,783980012-2,106-781-7680,07/11/1981,3580050000000000.0
Aura,Andrag,aandragp3@mysql.com,923090116-4,911-382-4859,5/30/1996,6706260000000000.0
Cyrillus,Andrassy,candrassyp4@yellowbook.com,760771560-6,668-193-7855,12/02/1996,5570940000000000.0
Cherin,Ferrarotti,cferrarottip5@comcast.net,277179206-0,483-979-6859,11/18/1979,4427020000000.0
Lib,Albrighton,lalbrightonp6@cyberchimps.com,638027454-5,682-343-6567,5/18/1990,5010120000000000.0
Ginnifer,Poad,gpoadp7@apache.org,589170779-9,412-286-8509,3/13/1996,5.60224e+17
Debbi,Tuckerman,dtuckermanp8@netscape.com,090416594-9,531-172-6654,1/16/1993,5010120000000000.0
Nevil,Howlett,nhowlettp9@clickbank.net,447329222-3,584-124-6563,01/03/1995,6.30414e+17
Benn,Guilaem,bguilaempa@liveinternet.ru,052353023-4,834-746-7440,3/19/1986,5108750000000000.0
Donavon,Jakeway,djakewaypb@domainmarket.com,733605590-7,806-324-0371,02/07/1991,5.89352e+18
Riordan,Aisman,raismanpc@tumblr.com,936224587-6,289-688-2092,4/16/1986,3558390000000000.0
Ralph,Roman,rromanpd@4shared.com,928002143-5,469-607-4612,09/11/1981,3544350000000000.0
Clarette,Ludlom,cludlompe@census.gov,850426357-6,760-690-2125,06/09/2000,3570730000000000.0
Cara,Saphir,csaphirpf@weebly.com,861624020-9,196-915-5831,9/22/1998,3583870000000000.0
Vidovic,Tupman,vtupmanpg@constantcontact.com,611204070-0,458-825-8281,05/03/1996,3580130000000000.0
Laurens,Hanks,lhanksph@google.ca,490656570-0,510-696-4990,9/22/1992,3586220000000000.0
Consolata,Chrichton,cchrichtonpi@google.com.au,028664331-6,765-149-9040,8/30/1994,5.60222e+16
Tiffy,Dobel,tdobelpj@mlb.com,825821110-2,485-206-6388,8/31/1992,6377400000000000.0
Bonny,Blacklawe,bblacklawepk@usatoday.com,914333026-6,180-459-7644,3/14/1994,3576740000000000.0
Nigel,Seifenmacher,nseifenmacherpl@live.com,280748621-5,547-496-7918,8/29/1980,374622000000000.0
Dawna,Cawley,dcawleypm@tiny.cc,494289463-8,865-189-8490,2/26/1996,6.30459e+16
Padriac,Jacqueme,pjacquemepn@twitpic.com,031789465-X,228-133-5337,08/08/1992,3557600000000000.0
Whitney,Steuhlmeyer,wsteuhlmeyerpo@last.fm,092550287-1,417-967-8001,10/12/2000,3547390000000000.0
Fawnia,Skyppe,fskyppepp@ucla.edu,970000410-4,896-797-1430,9/26/1999,337941000000000.0
Adelheid,Wescott,awescottpq@goo.gl,705429170-0,138-778-4648,10/17/1996,3564750000000000.0
Keenan,Benn,kbennpr@mozilla.com,909616530-6,153-928-4764,09/11/1987,201779000000000.0
Ferrell,Perelli,fperellips@upenn.edu,607092625-0,998-941-2569,01/03/1993,372301000000000.0
Berenice,Mercer,bmercerpt@ca.gov,979016542-0,997-889-7766,12/31/1995,3579150000000000.0
Antin,Innis,ainnispu@indiegogo.com,086703813-6,228-820-1514,2/18/1987,6389130000000000.0
Henderson,Risbrough,hrisbroughpv@wired.com,573353517-2,827-138-9576,2/24/1994,3588760000000000.0
Ardis,De La Hay,adelahaypw@icq.com,060553762-3,731-953-7489,01/06/1994,3548890000000000.0
Emlen,Harbar,eharbarpx@princeton.edu,489244664-5,605-266-0465,8/17/1994,3529240000000000.0
Emile,Dickon,edickonpy@dailymotion.com,285906929-1,272-106-9037,7/31/1999,30233100000000.0
Jamill,Pawel,jpawelpz@is.gd,850650726-X,293-933-9901,02/02/1985,3551480000000000.0
Joshua,Lecount,jlecountq0@ebay.com,882988415-4,279-202-6562,07/05/1998,4175010000000000.0
Clio,Liff,cliffq1@blogger.com,423893612-4,449-126-0492,06/12/2000,374288000000000.0
Darn,Malinson,dmalinsonq2@taobao.com,274251386-8,235-119-0372,9/21/1986,5.02037e+17
Nadeen,Loody,nloodyq3@java.com,888871607-6,993-833-8798,05/05/1997,4917380000000000.0
Arly,Clother,aclotherq4@dagondesign.com,839821242-X,913-716-5451,3/16/1980,5.01835e+18
Barbara,Palfrie,bpalfrieq5@sciencedirect.com,931171339-2,720-705-3654,10/16/1987,3562260000000000.0
Gus,Glazier,gglazierq6@businessinsider.com,347232304-3,787-649-7554,12/25/1988,3561080000000000.0
Freida,Jakovijevic,fjakovijevicq7@trellian.com,700995490-9,915-822-3348,8/20/1994,3547790000000000.0
Layney,Bofield,lbofieldq8@homestead.com,475404984-5,998-308-0643,09/06/1985,3583320000000000.0
Reilly,Grice,rgriceq9@redcross.org,827381511-0,539-612-1365,11/14/1996,3550840000000000.0
Lamont,Pankethman,lpankethmanqa@bing.com,937955750-7,252-375-8615,5/24/1995,5100150000000000.0
Borg,Andrez,bandrezqb@blogtalkradio.com,369516792-0,602-288-2692,01/01/1998,3581380000000000.0
Ernie,Wigginton,ewiggintonqc@whitehouse.gov,125379803-6,954-596-5801,9/17/1981,3548560000000000.0
Roxi,Skellington,rskellingtonqd@over-blog.com,827218916-X,426-596-1293,01/12/1989,5048380000000000.0
Jilly,Marchment,jmarchmentqe@youku.com,029103317-2,285-626-7766,02/10/1980,5472960000000000.0
Latashia,Cale,lcaleqf@aboutads.info,676485918-3,915-631-3936,06/02/1980,3571240000000000.0
Jorrie,Conningham,jconninghamqg@paypal.com,328663940-0,118-107-8505,11/24/1996,4.90573e+17
Darb,Freckleton,dfreckletonqh@twitter.com,634955734-4,702-379-3975,11/10/1990,3554820000000000.0
Sammy,Gradon,sgradonqi@prnewswire.com,544685126-9,375-932-6347,1/26/1999,201835000000000.0
Iorgos,Rucklidge,irucklidgeqj@nbcnews.com,889529929-9,563-657-6497,08/07/1998,6.75922e+16
Odele,Mussilli,omussilliqk@wikispaces.com,673292309-9,153-337-2181,5/14/1998,5602240000000000.0
Hertha,Jakel,hjakelql@tamu.edu,783888837-9,336-506-7547,5/31/1985,6.77116e+16
Hill,Diment,hdimentqm@wix.com,531371775-8,785-559-6832,1/18/1997,201830000000000.0
Camilla,Corington,ccoringtonqn@nps.gov,892408917-X,988-625-3744,10/03/1991,5.60223e+17
Bren,Done,bdoneqo@reverbnation.com,528822959-7,730-839-1654,10/23/1997,5500270000000000.0
Lind,Weddup,lweddupqp@google.pl,119883776-4,100-600-1740,6/26/1989,3557450000000000.0
Washington,Trenear,wtrenearqq@soundcloud.com,534769547-1,930-845-4070,1/28/1989,201596000000000.0
Gardiner,Tummasutti,gtummasuttiqr@noaa.gov,348095799-4,547-842-3197,6/26/1998,6334820000000000.0
Maynard,MacDunlevy,mmacdunlevyqs@tumblr.com,355999888-3,928-459-3570,10/25/2000,3571580000000000.0
Katuscha,Bridgwood,kbridgwoodqt@qq.com,406137406-0,438-450-0264,2/23/2000,3539670000000000.0
Muriel,Capinetti,mcapinettiqu@geocities.jp,329663290-5,699-967-0421,5/31/1998,3560360000000000.0
Kerrill,Yakob,kyakobqv@marriott.com,498936941-6,299-204-5056,02/11/1986,3558430000000000.0
Sonnie,Joss,sjossqw@sitemeter.com,412816470-4,275-534-1172,11/24/1989,5530390000000000.0
Brendan,Llorente,bllorenteqx@shutterfly.com,110138949-4,146-332-7904,7/31/1990,3550570000000000.0
Roselle,Tremayle,rtremayleqy@kickstarter.com,055957263-8,438-635-0800,11/27/1985,5010130000000000.0
Darwin,Rosendahl,drosendahlqz@toplist.cz,011857107-9,211-752-8323,12/31/1982,5100170000000000.0
Maggie,Peckham,mpeckhamr0@odnoklassniki.ru,161519615-3,384-476-3548,2/24/1994,5482810000000000.0
Lilah,Novotni,lnovotnir1@woothemes.com,086412085-0,938-514-0413,05/11/1980,4844930000000000.0
Mada,Van der Beek,mvanderbeekr2@xrea.com,543998853-X,714-370-4286,04/12/1998,3534860000000000.0
Vittoria,Planks,vplanksr3@weibo.com,574948363-0,570-255-0610,06/02/1991,3558070000000000.0
Jojo,Furneaux,jfurneauxr4@pinterest.com,482318415-7,456-926-5508,09/03/1989,6393650000000000.0
Ara,Bernette,abernetter5@baidu.com,416995195-6,737-854-3708,10/26/1997,4175010000000000.0
Elyssa,Whitter,ewhitterr6@narod.ru,350375400-8,158-311-4132,01/02/2000,3534190000000000.0
Flora,Symson,fsymsonr7@ustream.tv,871050306-4,277-718-4822,4/18/1994,5576450000000000.0
Barton,Kenn,bkennr8@etsy.com,035857268-1,970-617-3191,01/07/1988,3576790000000000.0
Pail,Heintzsch,pheintzschr9@biglobe.ne.jp,429189811-8,481-274-2883,07/03/2000,3587940000000000.0
Rod,Dekeyser,rdekeyserra@bizjournals.com,004678786-0,918-510-7572,7/30/1994,3588440000000000.0
Stirling,Dilrew,sdilrewrb@auda.org.au,707247044-1,820-854-0130,02/02/1993,5018170000000000.0
Virginia,Kasperski,vkasperskirc@symantec.com,076807331-6,330-886-7801,9/24/1993,5602240000000000.0
Arnaldo,Clew,aclewrd@weibo.com,130231222-7,105-745-5071,12/12/1993,3587080000000000.0
Catlin,Rousel,crouselre@howstuffworks.com,446730481-9,602-307-8756,07/01/1999,3573630000000000.0
Logan,Beverage,lbeveragerf@reference.com,648806833-4,524-506-9429,2/27/1992,3559850000000000.0
Kerianne,Sewards,ksewardsrg@msn.com,115962746-0,265-600-3892,12/19/1995,4844180000000000.0
Haleigh,Crabb,hcrabbrh@europa.eu,874755641-2,902-160-3092,09/01/1985,3584210000000000.0
Linette,Wibrow,lwibrowri@spotify.com,207610684-7,334-510-4039,1/28/1997,3531630000000000.0
Laurianne,Maciak,lmaciakrj@msu.edu,271802197-7,755-506-5179,9/23/1980,3566910000000000.0
Dodi,Burgher,dburgherrk@ehow.com,141930463-1,374-268-9533,09/03/1980,5602240000000000.0
Ilse,Kinahan,ikinahanrl@engadget.com,899900998-X,833-127-5007,4/29/1998,3534570000000000.0
Kahlil,Lipgens,klipgensrm@seattletimes.com,480281233-7,626-793-4081,3/26/1994,5.60222e+16
Raynard,Noir,rnoirrn@craigslist.org,953702233-1,824-107-8035,6/18/1999,201833000000000.0
Keane,Dartan,kdartanro@nyu.edu,777546932-3,119-433-6434,1/19/1986,3574750000000000.0
Renard,Cookson,rcooksonrp@simplemachines.org,209274846-7,911-510-1384,03/09/1994,30057800000000.0
Sayre,Danilenko,sdanilenkorq@canalblog.com,194962009-3,141-564-2456,3/14/1991,201739000000000.0
Lotti,Pfeiffer,lpfeifferrr@icq.com,313474675-1,979-813-4434,9/29/1988,374289000000000.0
